Address,Unit,Last Asking Price,Days on Market,CS date,Property Type,Sub-Nbhood,Beds,Bath,Size,Price per SFT,Total Monthlies,Maint/CC,RE Taxes,url
54 EAST 8 STREET,2B,945000,,05-31-2020,COOP,Greenwich Village,2,1,,,,,,View 2B on Urbandigs
6 HANCOCK PLACE,BUILDING,10000000,,06-27-2020,TOWNHOUSE,West Harlem & Manhattanville,1,6,60000,166.666666666667,,,, View BUILDING on Urbandigs
138 EAST 50 STREET,18B,1775000,,06-22-2020,CONDO,Turtle Bay,1,1.5,847,2095.63164108619,2480,853,1627,View 18B on Urbandigs
138 EAST 50 STREET,14B,1680000,,06-22-2020,CONDO,Turtle Bay,1,1.5,847,1983.47107438016,2431,836,1595,View 14B on Urbandigs
138 EAST 50 STREET,12B,1660000,,06-22-2020,CONDO,Turtle Bay,1,1.5,847,1959.85832349469,2419,832,1587,View 12B on Urbandigs
25 CENTRAL PARK WEST,MR26,250000,,06-11-2020,CONDO,Lincoln Square,0,1,,,166,117,49,View MR26 on Urbandigs
2 WATERLINE SQUARE,35F,5910000,,06-10-2020,CONDO,Lincoln Square,3,3.5,2122,2785.10838831291,2942,2791,151,View 35F on Urbandigs
150 EAST 23 STREET,5C,3075000,,06-01-2020,CONDO,Gramercy Park,3,3,1638,1877.28937728938,3854,2234,1620,View 5C on Urbandigs
543 WEST 122 STREET,22E,2300000,1,06-03-2020,CONDO,Morningside Heights,2,2,1289,1784.32893716059,2589,1282,1307,View 22E on Urbandigs
570 BROOME STREET,18B,3030000,1,05-26-2020,CONDO,Hudson Square,2,2.5,1183,2561.28486897718,3631,1260,2371,View 18B on Urbandigs
500 GRAND STREET,C8C/8D,1200000,1,06-18-2020,COOP,Lower East Side,3,2,,,1389,1389,,View C8C/8D on Urbandigs
120 CABRINI BLVD,68,929000,1,06-01-2020,COOP,Hudson Heights,2,1,,,1509,1509,,View 68 on Urbandigs
301 EAST 52 STREET,PHA,1900000,1,06-08-2020,COOP,Turtle Bay,3,2.5,1800,1055.55555555556,3420,3420,, View PHA on Urbandigs
311 EAST 75 STREET,6B,319000,1,06-04-2020,COOP,Upper East Side,0,1,,,936,936,,View 6B on Urbandigs
164 WEST 74 STREET,2A,4380000,,04-20-2020,CONDO,Upper West Side,3,2.5,1876,2334.75479744137,5143,2110,3033,View 2A on Urbandigs
302 EAST 96 STREET,403,2269000,,04-17-2020,CONDO,Yorkville,3,3,1417,1601.27028934368,1853,1451,402,View 403 on Urbandigs
302 EAST 96 STREET,201,1495000,,04-17-2020,CONDO,Yorkville,2,2,901,1659.26748057714,1156,905,251,View 201 on Urbandigs
313 WEST 121 STREET,5,1205000,,05-16-2020,CONDO,South Harlem,2,2,1022,1179.06066536204,,,,View 5 on Urbandigs
15 WEST 61 STREET,11G,1635000,4,06-25-2020,CONDO,Lincoln Square,1,1,653,2503.82848392037,1318,672,646,View 11G on Urbandigs
108 LEONARD STREET,11K,2015000,1,04-28-2020,CONDO,TriBeCa,1,1.5,945,2132.27513227513,2635,1120,1515,View 11K on Urbandigs
11 HANCOCK PLACE,707,1660000,1,04-13-2020,CONDO,West Harlem & Manhattanville,2,2,1270,1307.08661417323,1714,1025,689,View 707 on Urbandigs
11 HANCOCK PLACE,602,985000,1,04-28-2020,CONDO,West Harlem & Manhattanville,1,1,757,1301.18890356671,1000,598,402,View 602 on Urbandigs
310 WEST 113 STREET,402,2150000,,04-20-2020,CONDO,South Harlem,3,2.5,1459,1473.61206305689,2530,818,1712,View 402 on Urbandigs
2457 FREDERICK DOUGLASS BLVD,5A,1573000,1,05-12-2020,CONDO,Central Harlem,2,2,1555,1011.57556270096,1228,923,305,View 5A on Urbandigs
99 BANK STREET,2CD,1800000,7,06-05-2020,COOP,West Village,1,2,,,2155,2155,,View 2CD on Urbandigs
801 RIVERSIDE DRIVE,6C,400000,7,04-30-2020,CONDO,Washington Heights,1,1,,,680,426,254,View 6C on Urbandigs
801 RIVERSIDE DRIVE,2D,775000,7,05-28-2020,CONDO,Washington Heights,3,2,1073,722.273998136067,1574,983,591,View 2D on Urbandigs
300 EAST 71 STREET,10A,775000,,04-28-2020,COOP,Lenox Hill,1,1,900,861.111111111111,1784,1784,,View 10A on Urbandigs
245 EAST 87 STREET,7F,1675000,10,06-23-2020,COOP,Yorkville,2,2,,,2829,2829,,View 7F on Urbandigs
105 THOMPSON STREET,16,750000,9,06-11-2020,COOP,SoHo,1,1,,,875,875,,View 16 on Urbandigs
342 EAST 53 STREET,2BB,340000,11,06-07-2020,COOP,Turtle Bay,0,1,,,895,895,,View 2BB on Urbandigs
383 GRAND STREET,L602,529000,16,04-07-2020,COOP,Lower East Side,0,1,,,504,504,,View L602 on Urbandigs
63 EAST 9 STREET,3V,649000,16,06-02-2020,CONDOP,Greenwich Village,0,1,,,1092,1092,,View 3V on Urbandigs
30 EAST 31 STREET,5A,1975000,,04-09-2020,CONDO,NoMad,1,1.5,988,1998.98785425101,2128,1271,857,View 5A on Urbandigs
137 EAST 36 STREET,17C,670000,25,06-23-2020,COOP,Murray Hill,1,1,,,1973,1973,,View 17C on Urbandigs
165 CHRISTOPHER STREET,2X,850000,23,04-09-2020,COOP,West Village,1,1,,,1188,1188,,View 2X on Urbandigs
10 LENOX AVENUE,6F,845000,33,06-26-2020,CONDO,South Harlem,1,1,664,1272.59036144578,1396,598,798,View 6F on Urbandigs
5 WEST 120 STREET,2,1425000,36,06-30-2020,CONDO,South Harlem,2,2,1200,1187.5,591,251,340,View 2 on Urbandigs
420 EAST 64 STREET,9CW,895000,38,06-29-2020,CONDOP,Lenox Hill,2,1,,,1611,1611,,View 9CW on Urbandigs
140 WEST 74 STREET,2/3F,1500000,31,04-07-2020,COOP,Upper West Side,3,2,,,2283,2283,,View 2/3F on Urbandigs
320 WEST 113 STREET,TH1,3495000,32,06-19-2020,CONDO,South Harlem,3,3.5,3458,1010.6998264893,1253,860,393,View TH1 on Urbandigs
277 FIFTH AVENUE,22D,3395000,35,06-24-2020,CONDO,NoMad,2,2,1373,2472.68754552076,4135,1980,2155,View 22D on Urbandigs
285 LAFAYETTE STREET,2F,2098888,39,04-16-2020,CONDO,NoLita,0,1,1040,2018.16153846154,1485,774,711,View 2F on Urbandigs
530F GRAND STREET,D11B,799000,42,06-02-2020,COOP,Lower East Side,1,1,800,998.75,1065,1065,,View D11B on Urbandigs
11 EAST 36 STREET,903,775373,42,05-28-2020,CONDO,Midtown South,0,1,547,1417.50091407678,1292,633,659,View 903 on Urbandigs
410 CENTRAL PARK WEST,8E,649000,50,06-28-2020,COOP,Manhattan Valley,1,1,750,865.333333333333,1165,1165,,View 8E on Urbandigs
527 WEST 27 STREET,5C,3395000,44,05-29-2020,CONDO,Chelsea,2,2.5,1429,2375.78726382085,3413,1562,1851,View 5C on Urbandigs
126 WEST 130 STREET,A,2695000,46,06-22-2020,CONDO,Central Harlem,3,4,3252,828.720787207872,1721,700,1021, View A on Urbandigs
55 EAST 9 STREET,10JK,1750000,47,04-18-2020,COOP,Greenwich Village,2,2,,,2083,2083,,View 10JK on Urbandigs
333 WEST 22 STREET,PHD,1250000,47,06-04-2020,COOP,Chelsea,1,1.5,,,2024,2024,, View PHD on Urbandigs
345 WEST 145 STREET,9A1,460000,32,06-10-2020,COOP,Hamilton Heights,1,1,682,674.486803519062,699,699,,View 9A1 on Urbandigs
150 EAST 83 STREET,3C,355000,57,05-18-2020,COOP,Upper East Side,1,1,,,1260,1260,,View 3C on Urbandigs
34 GRAMERCY PARK,3AF,2495000,58,06-15-2020,COOP,Gramercy Park,2,1,,,4741,4741,,View 3AF on Urbandigs
565 BROOME STREET,N7B,1040000,59,06-17-2020,CONDO,Hudson Square,0,1,458,2270.7423580786,1413,672,741,View N7B on Urbandigs
536 EAST 13 STREET,PENTHOUSE,1545000,59,05-22-2020,CONDO,East Village,2,1,830,1861.44578313253,2081,586,1495, View PENTHOUSE on Urbandigs
15 WEST 81 STREET,14B,5995000,60,06-19-2020,COOP,Upper West Side,3,3.5,,,6763,6763,,View 14B on Urbandigs
245 EAST 53 STREET,PH,2400000,60,05-20-2020,CONDO,Sutton Place,2,2,1385,1732.85198555957,2572,528,2044, View PH on Urbandigs
152 WEST 88 STREET,BUILDING,6500000,64,05-19-2020,TOWNHOUSE,Upper West Side,,4,4134,1572.32704402516,3081,0,3081, View BUILDING on Urbandigs
111 FOURTH AVENUE,11GH,1950000,66,05-03-2020,COOP,East Village,1,2,,,2583,2583,,View 11GH on Urbandigs
121 EAST 38 STREET,BUILDING,7000000,66,06-19-2020,TOWNHOUSE,Murray Hill,6,7,6597,1061.08837350311,5925,0,5925, View BUILDING on Urbandigs
211 EAST 53 STREET,PHD,885000,71,06-16-2020,CONDOP,Sutton Place,1,1,,,1990,1990,, View PHD on Urbandigs
543 WEST 122 STREET,27C,2540000,74,06-24-2020,CONDO,Morningside Heights,2,2,1313,1934.50114242193,2638,1306,1332,View 27C on Urbandigs
146 CHURCH STREET,PH,2325000,72,05-11-2020,CONDO,TriBeCa,1,1.5,1780,1306.1797752809,3829,2433,1396, View PH on Urbandigs
330 EAST 83 STREET,G4,515000,76,04-09-2020,COOP,Yorkville,1,1,650,792.307692307692,1537,1537,,View G4 on Urbandigs
70 LA SALLE STREET,17C,639000,78,04-11-2020,COOP,Morningside Heights,2,1,,,1394,1394,,View 17C on Urbandigs
349 WEST 44 STREET,5FW,399000,94,05-30-2020,COOP,Hells Kitchen,1,1,500,798,850,850,,View 5FW on Urbandigs
15 WEST 61 STREET,26C,2075000,95,06-04-2020,CONDO,Lincoln Square,1,1,836,2482.05741626794,1687,860,827,View 26C on Urbandigs
37 RIVERSIDE DRIVE,6A,3295000,,04-03-2020,COOP,Upper West Side,4,3,,,5910,5910,,View 6A on Urbandigs
305 EAST 72 STREET,4CN,435000,,06-17-2020,COOP,Upper East Side,0,1,,,720,720,,View 4CN on Urbandigs
1777 MADISON AVENUE,24,175000,108,05-25-2020,COOP,East Harlem,0,1,400,437.5,399,399,,View 24 on Urbandigs
102 BRADHURST AVENUE,409,549000,,05-07-2020,COOP,Central Harlem,2,2,843,651.245551601423,874,874,,View 409 on Urbandigs
80 SAINT NICHOLAS AVENUE,2D,260000,119,04-12-2020,COOP,South Harlem,0,1,,,516,516,,View 2D on Urbandigs
131 EAST 15 STREET,4A,975000,121,05-10-2020,COOP,Gramercy Park,2,1,,,1550,1550,,View 4A on Urbandigs
88 BLEECKER STREET,1EF,1900000,131,06-23-2020,COOP,NoHo,3,2,,,2146,2146,,View 1EF on Urbandigs
139 EAST 94 STREET,2D,600000,135,06-22-2020,COOP,Carnegie Hill,1,1,,,2161,2161,,View 2D on Urbandigs
464 WEST 51 STREET,5W,345000,,04-30-2020,COOP,Hells Kitchen,0,1,,,329,329,,View 5W on Urbandigs
347 WEST 57 STREET,MEDICAL,3200000,136,04-08-2020,CONDO,Hells Kitchen,0,2,2300,1391.30434782609,5264,2464,2800, View MEDICAL on Urbandigs
146 WEST 57 STREET,61BT,9250000,140,05-01-2020,CONDO,Midtown Center,5,2.5,3632,2546.80616740088,10981,5297,5684,View 61BT on Urbandigs
159-34 RIVERSIDE DRIVE WEST,3E,1190000,143,05-12-2020,COOP,Washington Heights,2,2,1385,859.205776173285,1408,1408,,View 3E on Urbandigs
320 EAST 35 STREET,6C,425000,63,06-22-2020,COOP,Murray Hill,0,1,,,818,818,,View 6C on Urbandigs
123 EAST 37 STREET,15CD,995000,146,04-22-2020,COOP,Murray Hill,1,2,,,3473,3473,,View 15CD on Urbandigs
366 WEST 11 STREET,PHB,2325000,74,06-23-2020,CONDO,West Village,1,1.5,1000,2325,2442,1297,1145, View PHB on Urbandigs
550 GRAND STREET,J3H,1050000,154,06-02-2020,COOP,Lower East Side,3,1.5,1250,840,1317,1317,,View J3H on Urbandigs
969 PARK AVENUE,9B,2500000,142,04-17-2020,COOP,Upper East Side,3,2,,,3683,3683,,View 9B on Urbandigs
233 EAST 69 STREET,6E,575000,156,06-11-2020,COOP,Lenox Hill,1,1,800,718.75,1674,1674,,View 6E on Urbandigs
66 GRAND STREET,PH,3995000,112,05-05-2020,COOP,SoHo,3,3,3000,1331.66666666667,4576,4576,, View PH on Urbandigs
412 WEST 20 STREET,NA,8395000,165,06-19-2020,TOWNHOUSE,Chelsea,6,5.5,4800,1748.95833333333,,,, View NA on Urbandigs
220 EAST 73 STREET,11EF,1695000,165,05-13-2020,COOP,Upper East Side,2,2,1400,1210.71428571429,3602,3602,,View 11EF on Urbandigs
80 BEEKMAN STREET,6A,895000,17,05-07-2020,COOP,South Street Seaport,2,1,,,778,778,,View 6A on Urbandigs
25 PARK ROW,35A,3855000,170,06-15-2020,CONDO,South Street Seaport,2,2.5,1615,2386.99690402477,4592,2296,2296,View 35A on Urbandigs
139 WEST 82 STREET,PHA,750000,,06-09-2020,COOP,Upper West Side,2,2,,,2856,2856,, View PHA on Urbandigs
15 WEST 61 STREET,5H,1735000,178,04-15-2020,CONDO,Lincoln Square,1,1,753,2304.11686586985,1519,774,745,View 5H on Urbandigs
250 WEST 81 STREET,4/B,3575000,564,06-24-2020,CONDO,Upper West Side,2,2.5,,,4450,2099,2351,View 4/B on Urbandigs
556 EAST 87 STREET,HOUSE,3700000,183,04-02-2020,TOWNHOUSE,Yorkville,4,2,,,2629,0,2629, View HOUSE on Urbandigs
2 HORATIO STREET,5PR,4750000,114,06-16-2020,COOP,West Village,3,2,,,3927,3927,,View 5PR on Urbandigs
29 BEEKMAN PLACE,BUILDING,11450000,186,06-04-2020,TOWNHOUSE,Turtle Bay,8,9,12260,933.931484502447,13616,0,13616, View BUILDING on Urbandigs
2351 ADAM CLAYTON POWELL BLVD,PH20,788000,189,04-01-2020,CONDO,Central Harlem,1,1,604,1304.6357615894,714,687,27,View PH20 on Urbandigs
2351 ADAM CLAYTON POWELL BLVD,309,1135000,189,04-01-2020,CONDO,Central Harlem,2,2,1057,1073.79375591296,1247,1200,47,View 309 on Urbandigs
417 GRAND STREET,D207,1195000,8,06-29-2020,COOP,Lower East Side,2,1,,,898,898,,View D207 on Urbandigs
140 WEST END AVENUE,21M,825000,10,05-04-2020,COOP,Lincoln Square,1,1,865,953.757225433526,1804,1804,,View 21M on Urbandigs
108 WEST 120 STREET,BUILDING,2785000,200,04-03-2020,TOWNHOUSE,South Harlem,7,4,,,751,0,751, View BUILDING on Urbandigs
108 WEST 120 STREET,BUILDING,2785000,,04-01-2020,TOWNHOUSE,South Harlem,7,4,,,751,0,751, View BUILDING on Urbandigs
11 HANCOCK PLACE,507,1595000,214,06-22-2020,CONDO,West Harlem & Manhattanville,2,2,1271,1254.91738788356,1716,1026,690,View 507 on Urbandigs
45 WEST 54 STREET,7E,865000,42,04-22-2020,COOP,Midtown Center,2,2,1200,720.833333333333,2650,2650,,View 7E on Urbandigs
76 ELEVENTH AVENUE,11E,2350000,224,04-30-2020,CONDO,Chelsea,1,1.5,1022,2299.41291585127,3613,1575,2038,View 11E on Urbandigs
165 WEST END AVENUE,20P,439000,238,06-11-2020,COOP,Lincoln Square,0,1,,,1135,1135,,View 20P on Urbandigs
313 WEST 121 STREET,3,1185000,,05-15-2020,CONDO,South Harlem,2,2,1033,1147.14424007744,,,,View 3 on Urbandigs
29 MOUNT MORRIS PARK WEST,BUILDING,3000000,240,04-09-2020,TOWNHOUSE,South Harlem,4,3.5,4060,738.916256157635,829,0,829, View BUILDING on Urbandigs
420 EAST 64 STREET,E10A,699000,246,05-15-2020,CONDOP,Lenox Hill,1,1,740,944.594594594595,1405,1405,,View E10A on Urbandigs
15 WEST 61 STREET,25B,3600000,252,04-02-2020,CONDO,Lincoln Square,2,2,1155,3116.88311688312,2407,1227,1180,View 25B on Urbandigs
90 GOLD STREET,19E,680000,261,04-03-2020,COOP,South Street Seaport,1,1,,,606,606,,View 19E on Urbandigs
266 WEST 132 STREET,HOUSE,1799000,267,05-14-2020,TOWNHOUSE,Central Harlem,4,3.5,3334,539.592081583683,278,0,278, View HOUSE on Urbandigs
325 EAST 57 STREET,PHA,2600000,283,05-11-2020,COOP,Sutton Place,2,2,1400,1857.14285714286,4644,4644,, View PHA on Urbandigs
320 EAST 42 STREET,1703,349000,284,06-10-2020,COOP,Murray Hill,0,1,,,1080,1080,,View 1703 on Urbandigs
8 CHARLES LANE,9,2350000,287,05-19-2020,COOP,West Village,2,2,1400,1678.57142857143,2361,2361,,View 9 on Urbandigs
15 UNION SQUARE WEST,4/2B,8600000,289,05-07-2020,CONDO,Flatiron,5,4.5,4264,2016.88555347092,14591,8812,5779,View 4/2B on Urbandigs
543 WEST 122 STREET,17E,2875000,67,06-03-2020,CONDO,Morningside Heights,2,2,1289,2230.41117145074,2779,1376,1403,View 17E on Urbandigs
15 WEST 61 STREET,27C,2105000,,04-15-2020,CONDO,Lincoln Square,1,1,836,2517.94258373206,1663,836,827,View 27C on Urbandigs
2 WEST 67 STREET,8DE,2700000,243,05-01-2020,COOP,Lincoln Square,2,2,,,4866,4866,,View 8DE on Urbandigs
287 EAST HOUSTON STREET,5C,1145000,319,04-03-2020,CONDO,Lower East Side,1,1,624,1834.9358974359,1067,626,441,View 5C on Urbandigs
1150 PARK AVENUE,19D,2395000,320,05-13-2020,COOP,Carnegie Hill,2,2.5,,,4492,4492,,View 19D on Urbandigs
16 EAST 23 STREET,PH,2695000,,05-15-2020,COOP,Flatiron,3,2,,,1087,1087,, View PH on Urbandigs
322 CENTRAL PARK WEST,8B,4000000,132,05-26-2020,COOP,Upper West Side,4,3.5,3000,1333.33333333333,5978,5978,,View 8B on Urbandigs
346-350 WEST 71 STREET,4E,3095000,232,05-13-2020,CONDO,Lincoln Square,3,2.5,1666,1857.7430972389,3930,1707,2223,View 4E on Urbandigs
150 EAST 23 STREET,7B,1895000,1,05-28-2020,CONDO,Gramercy Park,2,2,916,2068.77729257642,2196,1273,923,View 7B on Urbandigs
125 EAST 93 STREET,6/7B,2785000,157,06-23-2020,COOP,Carnegie Hill,4,3,,,4216,4216,,View 6/7B on Urbandigs
160 WEST 66 STREET,PHA,9950000,345,06-17-2020,CONDO,Lincoln Square,4,4,3637,2735.77124003299,10705,4538,6167, View PHA on Urbandigs
196 EAST 75 STREET,2EF,3150000,350,05-25-2020,COOP,Upper East Side,3,2,2300,1369.5652173913,4715,4715,,View 2EF on Urbandigs
12 EAST 88 STREET,TH2,7495000,124,06-22-2020,CONDO,Carnegie Hill,4,4.5,4171,1796.93119156078,10469,4951,5518,View TH2 on Urbandigs
344 WEST 72 STREET,5B,1940000,352,04-01-2020,COOP,Lincoln Square,1,1,1009,1922.69573835481,1883,1883,,View 5B on Urbandigs
200 EAST 84 STREET,7FG,2375000,10,04-10-2020,COOP,Yorkville,3,2.5,,,4306,4306,,View 7FG on Urbandigs
10 LENOX AVENUE,5A,920000,54,06-26-2020,CONDO,South Harlem,1,1,692,1329.47976878613,1456,624,832,View 5A on Urbandigs
245 EAST 53 STREET,2,2195000,,06-17-2020,CONDO,Sutton Place,2,2,1385,1584.83754512635,2218,455,1763,View 2 on Urbandigs
205 EAST 69 STREET,PHDE,2995000,10,05-20-2020,COOP,Lenox Hill,2,2,,,3530,3530,, View PHDE on Urbandigs
349 WEST 122 STREET,BUILDING,3495000,165,05-25-2020,TOWNHOUSE,South Harlem,4,3,4500,776.666666666667,383,0,383, View BUILDING on Urbandigs
25 EAST 83 STREET,3E,1599000,387,06-04-2020,COOP,Upper East Side,2,2,,,3769,3769,,View 3E on Urbandigs
167 PERRY STREET,3N,1250000,35,04-07-2020,COOP,West Village,1,1,800,1562.5,2387,2387,,View 3N on Urbandigs
2 WATERLINE SQUARE,32E,3020000,105,04-01-2020,CONDO,Lincoln Square,2,2,1166,2590.05145797599,1594,1512,82,View 32E on Urbandigs
52 CONVENT AVENUE,5B,1295000,144,06-09-2020,CONDO,West Harlem & Manhattanville,3,2,1248,1037.66025641026,1087,873,214,View 5B on Urbandigs
16 WEST 40 STREET,22A,3995000,364,05-07-2020,CONDO,Midtown South,2,2.5,1391,2872.03450754853,4862,2661,2201,View 22A on Urbandigs
446 WEST 167 STREET,8C,645000,62,06-30-2020,CONDO,Washington Heights,1,1,565,1141.59292035398,590,492,98,View 8C on Urbandigs
302 EAST 96 STREET,1303,2265000,,06-08-2020,CONDO,Yorkville,2,3,1417,1598.4474241355,2029,440,1589,View 1303 on Urbandigs
302 EAST 96 STREET,1002,1695000,,04-17-2020,CONDO,Yorkville,2,2,979,1731.35852911134,1351,1058,293,View 1002 on Urbandigs
32 ORCHARD STREET,3,7500000,,04-22-2020,TOWNHOUSE,Chinatown,3,2,1700,4411.76470588235,,,,View 3 on Urbandigs
2351 ADAM CLAYTON POWELL BLVD,402,758000,21,05-11-2020,CONDO,Central Harlem,1,1,647,1171.56105100464,764,735,29,View 402 on Urbandigs
117 WEST 21 STREET,TH,7500000,76,06-12-2020,CONDO,Chelsea,4,5,5644,1328.84479092842,13158,2411,10747, View TH on Urbandigs
249 WAVERLY PLACE,0,4995000,482,05-06-2020,TOWNHOUSE,West Village,3,0,2800,1783.92857142857,690,0,690,View 0 on Urbandigs
2 WATERLINE SQUARE,21C,2400000,105,04-07-2020,CONDO,Lincoln Square,1,1,965,2487.04663212435,1251,1187,64,View 21C on Urbandigs
14 EAST 90 STREET,7E,1750000,501,05-27-2020,COOP,Carnegie Hill,3,3,,,3580,3580,,View 7E on Urbandigs
1349 LEXINGTON AVENUE,MAIS1D,1200000,455,04-17-2020,COOP,Carnegie Hill,2,1.5,,,3800,3800,,View MAIS1D on Urbandigs
409 EDGECOMBE AVENUE,9B,550000,25,06-23-2020,COOP,Hamilton Heights,2,1,,,1166,1166,,View 9B on Urbandigs
270 WEST 17 STREET,PHB,1500000,,06-23-2020,CONDO,Chelsea,1,2,,,2519,984,1535, View PHB on Urbandigs
445 LAFAYETTE STREET,16A,3500000,128,06-03-2020,CONDOP,NoHo,3,3,,,11538,11538,,View 16A on Urbandigs
108 LEONARD STREET,15C,11500000,611,04-09-2020,CONDO,TriBeCa,4,5,3683,3122.45452077111,11326,4813,6513,View 15C on Urbandigs
40 EAST END AVENUE,4B,3155990,393,05-21-2020,CONDO,Yorkville,2,2.5,1472,2144.01494565217,2834,1488,1346,View 4B on Urbandigs
130 WATER STREET,5B,1100000,78,06-16-2020,CONDO,Financial District,2,2,1266,868.878357030016,2955,1338,1617,View 5B on Urbandigs
108 EAST 37 STREET,OFFICE,549000,562,06-10-2020,COOP,Murray Hill,0,1,550,998.181818181818,1544,1544,, View OFFICE on Urbandigs
155 EAST 49 STREET,10D,275000,572,04-20-2020,COOP,Turtle Bay,0,1,,,960,960,,View 10D on Urbandigs
176 EAST 82 STREET,3,3995000,94,04-30-2020,CONDO,Upper East Side,4,3.5,2371,1684.94306199916,3730,607,3123,View 3 on Urbandigs
2 WATERLINE SQUARE,20E,5515000,15,05-20-2020,CONDO,Lincoln Square,3,3.5,2018,2732.90386521308,2960,2808,152,View 20E on Urbandigs
520 WEST 28 STREET,13,5095000,,06-23-2020,CONDO,Chelsea,2,2,1691,3013.01005322294,6120,2995,3125,View 13 on Urbandigs
350 WEST 53 STREET,PHC,1400000,142,04-09-2020,CONDO,Hells Kitchen,1,1,815,1717.79141104294,3286,1902,1384, View PHC on Urbandigs
62 COOPER SQUARE,PH52,9999999,196,06-17-2020,CONDO,NoHo,4,3.5,4506,2219.26298268975,12618,4787,7831,View PH52 on Urbandigs
146 WEST 57 STREET,76B,4500000,39,04-02-2020,CONDO,Midtown Center,2,2.5,1463,3075.87149692413,5239,2256,2983,View 76B on Urbandigs
400 CENTRAL PARK WEST,6J,999000,35,04-01-2020,CONDO,Manhattan Valley,1,1,,,948,721,227,View 6J on Urbandigs
203 WEST 90 STREET,6B,1190000,53,04-17-2020,CONDO,Upper West Side,1,1.5,1110,1072.07207207207,1444,679,765,View 6B on Urbandigs
421 WEST 54 STREET,4F,1297000,118,05-29-2020,CONDO,Hells Kitchen,1,2,1021,1270.32321253673,2163,986,1177,View 4F on Urbandigs
199 BOWERY,4A,1295000,,05-15-2020,CONDO,Lower East Side,2,2,911,1421.51481888035,2373,1266,1107,View 4A on Urbandigs
184 THOMPSON STREET,3U,750000,49,06-22-2020,CONDO,Greenwich Village,0,1,417,1798.56115107914,849,420,429,View 3U on Urbandigs
123 WASHINGTON STREET,30D,895500,374,05-05-2020,CONDO,Financial District,1,1,667,1342.57871064468,1886,1185,701,View 30D on Urbandigs
225 RECTOR PLACE,2D,775000,27,05-19-2020,CONDO,Battery Park City,1,1,703,1102.41820768137,1797,800,997,View 2D on Urbandigs
10 WEST END AVENUE,26C,2100000,4,06-25-2020,CONDO,Lincoln Square,2,2,1329,1580.13544018059,3278,1566,1712,View 26C on Urbandigs
159 WEST 53 STREET,23F,899000,17,06-24-2020,CONDO,Midtown Center,1,1,800,1123.75,1819,899,920,View 23F on Urbandigs
2082 FREDERICK DOUGLASS BLVD,1B,430000,59,06-02-2020,CONDO,South Harlem,1,1,430,1000,519,518,1,View 1B on Urbandigs
2109 BROADWAY,14131,925000,153,06-30-2020,CONDO,Upper West Side,1,1,890,1039.32584269663,2228,1381,847,View 14131 on Urbandigs
1601 THIRD AVENUE,13K,1349000,8,06-29-2020,CONDO,Yorkville,3,2,1157,1165.94641313742,2605,1205,1400,View 13K on Urbandigs
300 WEST 135 STREET,11B,849000,21,04-11-2020,CONDO,Central Harlem,2,2,,,1205,883,322,View 11B on Urbandigs
505 WEST 43 STREET,6H,1940000,,05-15-2020,CONDO,Hells Kitchen,2,2,970,2000,,,,View 6H on Urbandigs
446 WEST 167 STREET,4E,745000,145,06-30-2020,CONDO,Washington Heights,2,1,,,767,639,128,View 4E on Urbandigs
323 EAST 52 STREET,2,1695000,168,05-20-2020,CONDO,Turtle Bay,2,2,1185,1430.37974683544,1618,1047,571,View 2 on Urbandigs
108 LEONARD STREET,3C,4120000,166,06-30-2020,CONDO,TriBeCa,3,3.5,1938,2125.90299277606,5406,2297,3109,View 3C on Urbandigs
125 EAST 72 STREET,7D,5495000,,05-30-2020,COOP,Upper East Side,4,4,,,6227,6227,,View 7D on Urbandigs
35 SUTTON PLACE,17D,1075000,385,05-02-2020,COOP,Sutton Place,2,2.5,,,2876,2876,,View 17D on Urbandigs
401 EAST 60 STREET,16C,1195000,106,04-04-2020,CONDO,Lenox Hill,1,1.5,1108,1078.51985559567,2326,1056,1270,View 16C on Urbandigs
812 RIVERSIDE DRIVE,35,475000,14,05-19-2020,CONDO,Washington Heights,1,1,649,731.895223420647,884,592,292,View 35 on Urbandigs
305 EAST 24 STREET,14R,495000,68,06-26-2020,COOP,Kips Bay,0,1,650,761.538461538462,1088,1088,,View 14R on Urbandigs
799 PARK AVENUE,10A,2500000,44,06-20-2020,COOP,Upper East Side,3,3,,,4313,4313,,View 10A on Urbandigs
35 EAST 38 STREET,1A,595000,123,05-01-2020,CONDO,Murray Hill,1,1,920,646.739130434783,1287,660,627,View 1A on Urbandigs
40 WEST 67 STREET,7D,1695000,4,04-10-2020,COOP,Lincoln Square,2,2,,,2688,2688,,View 7D on Urbandigs
55 EAST 87 STREET,8G,950000,14,06-10-2020,COOP,Carnegie Hill,1,1,,,1659,1659,,View 8G on Urbandigs
520 EAST 72 STREET,15E,595000,30,04-20-2020,COOP,Lenox Hill,1,1,,,1223,1223,,View 15E on Urbandigs
333 EAST 43 STREET,318,499000,276,06-02-2020,COOP,Turtle Bay,1,1,650,767.692307692308,1342,1342,,View 318 on Urbandigs
330 EAST 38 STREET,19L,1325000,30,04-06-2020,CONDO,Murray Hill,1,2,1041,1272.81460134486,1901,858,1043,View 19L on Urbandigs
400 CENTRAL PARK WEST,9P,2085000,,06-25-2020,CONDO,Manhattan Valley,2,2,1209,1724.56575682382,1530,1025,505,View 9P on Urbandigs
43 WEST 13 STREET,4,4495000,43,05-12-2020,COOP,Greenwich Village,3,3.5,5000,899,7150,7150,,View 4 on Urbandigs
222 EAST 35 STREET,2G,389000,12,06-26-2020,COOP,Murray Hill,0,1,,,975,975,,View 2G on Urbandigs
200 EAST 27 STREET,2R,1199000,85,04-04-2020,COOP,Kips Bay,2,2,,,2060,2060,,View 2R on Urbandigs
101 WEST 79 STREET,6E,1295000,291,04-03-2020,CONDO,Upper West Side,1,2,894,1448.54586129754,2433,1257,1176,View 6E on Urbandigs
239 EAST 79 STREET,17B,1800000,53,06-09-2020,COOP,Yorkville,2,2,1410,1276.59574468085,2870,2870,,View 17B on Urbandigs
829 PARK AVENUE,4A,3500000,,05-26-2020,COOP,Upper East Side,3,3,,,5438,5438,,View 4A on Urbandigs
118 EAST 60 STREET,11B,675000,44,06-03-2020,COOP,Lenox Hill,1,1,850,794.117647058824,1878,1878,,View 11B on Urbandigs
444 EAST 86 STREET,9G,1175000,74,05-19-2020,COOP,Yorkville,3,2,1400,839.285714285714,3648,3648,,View 9G on Urbandigs
165 CHRISTOPHER STREET,4M,575000,10,05-22-2020,COOP,West Village,0,1,,,845,845,,View 4M on Urbandigs
775 RIVERSIDE DRIVE,1L,480000,41,06-26-2020,CONDO,Washington Heights,1,1,714,672.268907563025,722,427,295,View 1L on Urbandigs
333 EAST 66 STREET,6M,595000,,06-29-2020,COOP,Lenox Hill,1,1,,,1585,1585,,View 6M on Urbandigs
130 WEST 67 STREET,20E,725000,209,04-10-2020,COOP,Lincoln Square,1,1,,,1548,1548,,View 20E on Urbandigs
35 MOUNT MORRIS PARK WEST,3D,799000,71,04-20-2020,CONDO,South Harlem,4,1,,,,,,View 3D on Urbandigs
392 CENTRAL PARK WEST,17D,1895000,35,06-01-2020,CONDO,Manhattan Valley,2,2,1209,1567.41108354012,1516,764,752,View 17D on Urbandigs
210 EAST 63 STREET,6B,379000,,05-20-2020,COOP,Lenox Hill,0,1,,,887,887,,View 6B on Urbandigs
200 EAST 24 STREET,1604,550000,297,04-28-2020,COOP,Kips Bay,1,1,,,1699,1699,,View 1604 on Urbandigs
225 RECTOR PLACE,21E,899000,51,04-08-2020,CONDO,Battery Park City,1,1,,,1729,782,947,View 21E on Urbandigs
201 EAST 80 STREET,15F,2299000,213,04-20-2020,CONDO,Yorkville,2,2.5,1582,1453.22376738306,3758,1728,2030,View 15F on Urbandigs
431 WEST 54 STREET,3D,330000,49,05-31-2020,COOP,Hells Kitchen,0,1,,,793,793,,View 3D on Urbandigs
175 WEST 73 STREET,10C,798000,49,05-11-2020,COOP,Upper West Side,1,1,,,1336,1336,,View 10C on Urbandigs
130 WEST 67 STREET,11M,799000,79,06-16-2020,COOP,Lincoln Square,1,1,,,1333,1333,,View 11M on Urbandigs
117 EAST 57 STREET,46E,1075000,122,04-26-2020,CONDO,Midtown Center,1,1,,,2267,1240,1027,View 46E on Urbandigs
241 WEST 111 STREET,52,499000,71,06-13-2020,COOP,South Harlem,3,1,,,1313,1313,,View 52 on Urbandigs
23 WAVERLY PLACE,2H,575000,,04-07-2020,COOP,Greenwich Village,0,1,500,1150,1235,1235,,View 2H on Urbandigs
181 SEVENTH AVENUE,6A,550000,1,06-22-2020,CONDO,Chelsea,0,1,,,1413,816,597,View 6A on Urbandigs
200 EAST 90 STREET,17C,699000,170,04-11-2020,CONDOP,Yorkville,1,1,,,1504,1504,,View 17C on Urbandigs
530 EAST 72 STREET,2E,779000,,06-18-2020,COOP,Lenox Hill,2,1.5,,,2047,2047,,View 2E on Urbandigs
42 WEST 120 STREET,5D,799000,430,04-01-2020,CONDO,South Harlem,2,2,892,895.739910313901,1870,919,951,View 5D on Urbandigs
49 DOWNING STREET,3A,1499000,,05-11-2020,COOP,Greenwich Village,2,1,1700,881.764705882353,2322,2322,,View 3A on Urbandigs
161 WEST 75 STREET,15C,1495000,44,04-14-2020,COOP,Upper West Side,2,1,,,2350,2350,,View 15C on Urbandigs
630 FIRST AVENUE,35P,897000,96,04-04-2020,CONDO,Murray Hill,1,1,800,1121.25,1893,816,1077,View 35P on Urbandigs
210 EAST 15 STREET,9D,600000,,04-24-2020,COOP,Gramercy Park,1,1,,,1316,1316,,View 9D on Urbandigs
330 EAST 33 STREET,21H,579000,10,04-29-2020,CONDO,Kips Bay,0,1,500,1158,721,356,365,View 21H on Urbandigs
385 FIRST AVENUE,20B,1675000,210,04-06-2020,CONDO,Gramercy Park,2,2,998,1678.35671342685,3327,1336,1991,View 20B on Urbandigs
60 EAST 9 STREET,601,505000,31,05-12-2020,COOP,Greenwich Village,0,1,,,825,825,,View 601 on Urbandigs
145 EAST 48 STREET,18E,789000,9,05-28-2020,CONDO,Turtle Bay,1,1,707,1115.98302687412,1873,907,966,View 18E on Urbandigs
350 CABRINI BLVD,2A,635000,164,05-18-2020,COOP,Hudson Heights,2,2,,,1124,1124,,View 2A on Urbandigs
235 WEST END AVENUE,10D,880000,29,04-20-2020,CONDO,Lincoln Square,1,1,800,1100,1789,1033,756,View 10D on Urbandigs
305 EAST 24 STREET,19T,925000,14,04-18-2020,COOP,Kips Bay,1,1,925,1000,1606,1606,,View 19T on Urbandigs
50 MORNINGSIDE DRIVE,41,1575000,100,04-08-2020,COOP,Morningside Heights,3,1,,,2135,2135,,View 41 on Urbandigs
350 EAST 30 STREET,2X,625000,17,04-29-2020,CONDO,Kips Bay,1,1,,,1135,347,788,View 2X on Urbandigs
161 EAST 88 STREET,2E,985000,1,05-15-2020,COOP,Carnegie Hill,2,2,,,1536,1536,,View 2E on Urbandigs
875 PARK AVENUE,6B,5995000,115,06-15-2020,COOP,Upper East Side,3,4,,,10345,10345,,View 6B on Urbandigs
133 WEST 17 STREET,3B,1700000,23,06-29-2020,COOP,Chelsea,1,1,1600,1062.5,2723,2723,,View 3B on Urbandigs
80 WARREN STREET,68,2495000,309,04-24-2020,COOP,TriBeCa,2,2,2086,1196.0690316395,3267,3267,,View 68 on Urbandigs
102 WEST 85 STREET,2H,319000,40,04-09-2020,COOP,Upper West Side,0,1,,,1119,1119,,View 2H on Urbandigs
171 EAST 84 STREET,27E,2625000,33,06-23-2020,CONDO,Upper East Side,3,2.5,1640,1600.60975609756,4422,2350,2072,View 27E on Urbandigs
2 SUTTON PLACE SOUTH,3E,795000,,05-12-2020,COOP,Sutton Place,1,1.5,,,2294,2294,,View 3E on Urbandigs
930 FIFTH AVENUE,9J,549000,246,05-07-2020,COOP,Upper East Side,0,1,,,1666,1666,,View 9J on Urbandigs
209 EAST 56 STREET,9A,399000,200,05-18-2020,COOP,Sutton Place,0,1,560,712.5,1174,1174,,View 9A on Urbandigs
17 CORNELIA STREET,1C,1325000,166,06-23-2020,CONDO,Greenwich Village,1,1,1406,942.389758179232,1431,579,852,View 1C on Urbandigs
240 EAST 79 STREET,7A,999000,1,05-12-2020,COOP,Upper East Side,2,2,,,2295,2295,,View 7A on Urbandigs
600 WEST 115 STREET,101,799000,43,04-28-2020,COOP,Morningside Heights,2,1,,,1378,1378,,View 101 on Urbandigs
430 WEST 34 STREET,6L,425000,32,04-25-2020,COOP,Hudson Yards,0,1,,,1044,1044,,View 6L on Urbandigs
15 WEST 72 STREET,16V,849000,208,05-15-2020,COOP,Upper West Side,1,1,,,1882,1882,,View 16V on Urbandigs
210 EAST 15 STREET,7E,489000,303,04-09-2020,COOP,Gramercy Park,0,1,420,1164.28571428571,1007,1007,,View 7E on Urbandigs
45 EAST 89 STREET,39F,3295000,177,04-28-2020,CONDOP,Carnegie Hill,3,3,,,4665,4665,,View 39F on Urbandigs
140 EAST 56 STREET,9A,634000,,06-23-2020,CONDO,Sutton Place,0,1,514,1233.46303501945,1126,472,654,View 9A on Urbandigs
78 BEDFORD STREET,5C,695000,8,04-13-2020,CONDO,West Village,1,1,,,699,270,429,View 5C on Urbandigs
310 WEST 56 STREET,7G,449000,,05-12-2020,COOP,Hells Kitchen,0,1,,,992,992,,View 7G on Urbandigs
108 EAST 82 STREET,9A,2695000,171,06-23-2020,COOP,Upper East Side,3,2,,,4953,4953,,View 9A on Urbandigs
180 CABRINI BLVD,95,379000,46,06-10-2020,COOP,Hudson Heights,0,1,,,973,973,,View 95 on Urbandigs
205 WEST END AVENUE,15T,550000,4,05-14-2020,COOP,Lincoln Square,0,1,,,1178,1178,,View 15T on Urbandigs
301 WEST 57 STREET,28D,2000000,1,04-28-2020,CONDO,Hells Kitchen,2,2,1032,1937.98449612403,2613,1104,1509,View 28D on Urbandigs
307 WEST 111 STREET,3E,350000,,05-14-2020,COOP,South Harlem,2,1,,,809,809,,View 3E on Urbandigs
2 FIFTH AVENUE,5U,750000,14,05-31-2020,COOP,Greenwich Village,0,1,,,1035,1035,,View 5U on Urbandigs
345 EAST 80 STREET,12H,800000,,06-08-2020,CONDO,Yorkville,1,1,,,1511,589,922,View 12H on Urbandigs
333 EAST 14 STREET,10J,785000,1,06-09-2020,COOP,Gramercy Park,1,1,,,1503,1503,,View 10J on Urbandigs
136 EAST 56 STREET,4J,900000,156,04-01-2020,COOP,Midtown Center,2,1,1000,900,2015,2015,,View 4J on Urbandigs
300 EAST 33 STREET,12E,595000,1,06-17-2020,CONDO,Kips Bay,0,1,500,1190,753,335,418,View 12E on Urbandigs
200 WEST 112 STREET,3A,750000,,04-25-2020,COOP,South Harlem,3,1.5,1250,600,594,594,,View 3A on Urbandigs
105 FIFTH AVENUE,8A,1400000,42,04-21-2020,COOP,Flatiron,2,2,,,3463,3463,,View 8A on Urbandigs
353 EAST 72 STREET,3A,549000,22,04-23-2020,COOP,Upper East Side,1,1,,,1252,1252,,View 3A on Urbandigs
630 FIRST AVENUE,6N,1100000,65,04-20-2020,CONDO,Murray Hill,2,2,,,2337,1060,1277,View 6N on Urbandigs
201 WEST 70 STREET,30G,1095000,4,06-25-2020,COOP,Lincoln Square,1,1,720,1520.83333333333,1706,1706,,View 30G on Urbandigs
433 WEST 34 STREET,6E,429000,9,04-20-2020,COOP,Hudson Yards,0,1,,,717,717,,View 6E on Urbandigs
401 EAST 84 STREET,16A,1400000,29,06-19-2020,CONDO,Yorkville,2,2,1133,1235.65754633716,2862,1643,1219,View 16A on Urbandigs
1 FIFTH AVENUE,3J,1800000,109,04-22-2020,COOP,Greenwich Village,2,2,,,3043,3043,,View 3J on Urbandigs
340 EAST 83 STREET,3B,350000,1,06-18-2020,COOP,Yorkville,1,1,,,797,797,,View 3B on Urbandigs
111 FOURTH AVENUE,7F,879000,,04-13-2020,COOP,East Village,1,1,,,1346,1346,,View 7F on Urbandigs
116 WEST 72 STREET,10B,499000,130,04-23-2020,COOP,Lincoln Square,0,1,400,1247.5,882,882,,View 10B on Urbandigs
47 WEST 76 STREET,2,1150000,148,06-03-2020,COOP,Upper West Side,2,1,,,2335,2335,,View 2 on Urbandigs
1199 PARK AVENUE,11J,559000,,04-06-2020,COOP,Carnegie Hill,0,1,600,931.666666666667,1358,1358,,View 11J on Urbandigs
389 EAST 89 STREET,29A,2800000,,05-18-2020,CONDO,Yorkville,3,3,1582,1769.91150442478,4207,1742,2465,View 29A on Urbandigs
201 WEST 21 STREET,7F,775000,23,05-21-2020,COOP,Chelsea,1,1,750,1033.33333333333,1967,1967,,View 7F on Urbandigs
55 EAST 9 STREET,9R,500000,16,05-17-2020,COOP,Greenwich Village,0,1,,,901,901,,View 9R on Urbandigs
207 EAST 74 STREET,1A,865000,40,06-23-2020,COOP,Upper East Side,1,1,975,887.179487179487,1741,1741,,View 1A on Urbandigs
220 EAST 87 STREET,5G,675000,232,04-17-2020,COOP,Yorkville,1,1,,,1121,1121,,View 5G on Urbandigs
392 CENTRAL PARK WEST,16U,635000,1,06-17-2020,CONDO,Manhattan Valley,0,1,600,1058.33333333333,631,354,277,View 16U on Urbandigs
300 WEST 109 STREET,8R,1725000,38,06-08-2020,COOP,Upper West Side,2,2,,,2472,2472,,View 8R on Urbandigs
245 EAST 54 STREET,11N,587500,290,05-12-2020,COOP,Sutton Place,1,1,,,1141,1141,,View 11N on Urbandigs
392 CENTRAL PARK WEST,20G,650000,1,05-13-2020,CONDO,Manhattan Valley,0,1,540,1203.7037037037,713,365,348,View 20G on Urbandigs
15 CHARLES STREET,12D,1585000,34,05-05-2020,CONDO,Greenwich Village,1,1,800,1981.25,1692,1097,595,View 12D on Urbandigs
870 UNITED NATIONS PLAZA,15G,1449000,311,04-28-2020,COOP,Turtle Bay,1,1.5,,,4048,4048,,View 15G on Urbandigs
7 EAST 20 STREET,8R,2495000,147,05-07-2020,CONDO,Flatiron,2,1,2285,1091.90371991247,3276,1389,1887,View 8R on Urbandigs
350 EAST 77 STREET,2F,1375000,25,04-03-2020,COOP,Upper East Side,2,2,1350,1018.51851851852,2493,2493,,View 2F on Urbandigs
345 EAST 52 STREET,9A,439000,59,04-22-2020,COOP,Turtle Bay,0,1,,,1214,1214,,View 9A on Urbandigs
245 EAST 93 STREET,28F,975000,,06-25-2020,CONDO,Yorkville,1,1,787,1238.88182973316,1797,774,1023,View 28F on Urbandigs
7 EAST 14 STREET,1003,499000,63,06-24-2020,COOP,Flatiron,0,1,475,1050.52631578947,861,861,,View 1003 on Urbandigs
52 CONVENT AVENUE,GARDENA,939000,310,06-09-2020,CONDO,West Harlem & Manhattanville,1,1.5,1330,706.015037593985,1103,608,495, View GARDENA on Urbandigs
53 WEST 53 STREET,39B,6595000,8,06-18-2020,CONDO,Midtown Center,2,2.5,2029,3250.36964021686,6488,4540,1948,View 39B on Urbandigs
425 EAST 58 STREET,21C,1695000,,04-17-2020,COOP,Sutton Place,2,2.5,1750,968.571428571429,3732,3732,,View 21C on Urbandigs
591 THIRD AVENUE,PHB,2500000,193,04-03-2020,CONDO,Murray Hill,2,2,1265,1976.28458498024,2914,2118,796, View PHB on Urbandigs
222 EAST 24 STREET,5B,1100000,284,04-17-2020,COOP,Kips Bay,2,2,1269,866.82427107959,2459,2459,,View 5B on Urbandigs
565 BROOME STREET,N8E,4500000,844,04-22-2020,CONDO,Hudson Square,3,3.5,,,7310,3476,3834,View N8E on Urbandigs
1 WATERLINE SQUARE,31B,6140000,15,06-15-2020,CONDO,Lincoln Square,3,3.5,2212,2775.76853526221,4257,4080,177,View 31B on Urbandigs
840 PARK AVENUE,11A,3395000,37,06-23-2020,COOP,Upper East Side,2,2.5,,,8299,8299,,View 11A on Urbandigs
960 FIFTH AVENUE,1C,1995000,199,06-12-2020,COOP,Upper East Side,2,1.5,,,3437,3437,,View 1C on Urbandigs
512 EAST 83 STREET,4B,359900,72,04-12-2020,COOP,Yorkville,0,1,,,920,920,,View 4B on Urbandigs
25 EAST END AVENUE,12C,1300000,,04-14-2020,COOP,Yorkville,2,2,,,5248,5248,,View 12C on Urbandigs
302 EAST 96 STREET,903,2165000,,04-17-2020,CONDO,Yorkville,3,3,1417,1527.87579393084,1949,1526,423,View 903 on Urbandigs
1399 PARK AVENUE,8B,1085000,61,05-15-2020,CONDO,East Harlem,2,2,1031,1052.37633365664,2361,1196,1165,View 8B on Urbandigs
201 WEST 72 STREET,12M,1150000,27,04-08-2020,CONDO,Upper West Side,1,1.5,800,1437.5,1880,753,1127,View 12M on Urbandigs
302 EAST 96 STREET,802,1655000,,06-08-2020,CONDO,Yorkville,1,2,979,1690.50051072523,1324,287,1037,View 802 on Urbandigs
302 EAST 96 STREET,502,1545000,,06-08-2020,CONDO,Yorkville,1,2,979,1578.14096016343,1284,278,1006,View 502 on Urbandigs
53 NORTH MOORE STREET,PH8D,3985000,205,06-22-2020,CONDO,TriBeCa,2,1,2350,1695.74468085106,8621,3863,4758,View PH8D on Urbandigs
321 EAST 12 STREET,33,875000,1,05-30-2020,COOP,East Village,2,1,,,1202,1202,,View 33 on Urbandigs
111 WEST 82 STREET,4A,749000,14,04-08-2020,COOP,Upper West Side,1,1,,,1267,1267,,View 4A on Urbandigs
75 KENMARE STREET,2H,1895000,29,04-10-2020,CONDO,NoLita,1,1,601,3153.07820299501,1422,735,687,View 2H on Urbandigs
121 EAST 22 STREET,N406,3685000,370,06-01-2020,CONDO,Gramercy Park,2,2.5,1750,2105.71428571429,5320,1760,3560,View N406 on Urbandigs
47 WALKER STREET,4B,1895000,,05-08-2020,COOP,TriBeCa,1,1,1370,1383.21167883212,1090,1090,,View 4B on Urbandigs
1 WEST END AVENUE,20A,4995000,1,06-17-2020,CONDO,Lincoln Square,3,3.5,2748,1817.68558951965,3217,3046,171,View 20A on Urbandigs
460 WEST 42 STREET,55A,1199000,,04-01-2020,CONDO,Hells Kitchen,1,1,608,1972.03947368421,1510,777,733,View 55A on Urbandigs
100 WEST 57 STREET,PHD,1995000,129,06-17-2020,COOP,Midtown Center,2,2,1850,1078.37837837838,4050,4050,, View PHD on Urbandigs
389 EAST 89 STREET,12C,1850000,59,04-23-2020,CONDO,Yorkville,2,2,1100,1681.81818181818,2783,1209,1574,View 12C on Urbandigs
416 WEST 52 STREET,726,1555000,148,06-16-2020,CONDO,Hells Kitchen,2,2,1011,1538.08110781405,2339,789,1550,View 726 on Urbandigs
570 GRAND STREET,J1805,899000,359,06-02-2020,COOP,Lower East Side,1,1,800,1123.75,1000,1000,,View J1805 on Urbandigs
200 EAST 27 STREET,6J,529000,,05-07-2020,COOP,Kips Bay,0,1,,,939,939,,View 6J on Urbandigs
399 EAST 8 STREET,7A,950000,32,04-09-2020,CONDO,East Village,2,1,,,581,530,51,View 7A on Urbandigs
265 RIVERSIDE DRIVE,5B,895000,39,04-01-2020,COOP,Upper West Side,2,1,,,1235,1235,,View 5B on Urbandigs
1901 MADISON AVENUE,421,365000,311,04-07-2020,COOP,East Harlem,2,1,926,394.168466522678,1278,1278,,View 421 on Urbandigs
121 EAST 38 STREET,HOUSE,7000000,236,06-22-2020,TOWNHOUSE,Murray Hill,6,6.5,,,5925,0,5925, View HOUSE on Urbandigs
345 EAST 56 STREET,21B,350000,,06-16-2020,COOP,Sutton Place,0,1,550,636.363636363636,1184,1184,,View 21B on Urbandigs
377 RECTOR PLACE,8H,745000,144,06-04-2020,CONDO,Battery Park City,1,1,676,1102.07100591716,1551,778,773,View 8H on Urbandigs
349 WEST 21 STREET,B,1250000,41,04-01-2020,COOP,Chelsea,2,1,,,1439,1439,, View B on Urbandigs
444 CENTRAL PARK WEST,8H,1899000,55,05-12-2020,COOP,Manhattan Valley,3,2.5,,,2457,2457,,View 8H on Urbandigs
30 PARK PLACE,56A,7950000,1002,05-05-2020,CONDO,TriBeCa,4,4.5,2811,2828.1750266809,8812,2527,6285,View 56A on Urbandigs
100 OVERLOOK TERRACE,72,515000,114,04-06-2020,COOP,Hudson Heights,1,1,,,989,989,,View 72 on Urbandigs
24 BENNETT AVENUE,31A,399000,37,06-04-2020,COOP,Hudson Heights,1,1,706,565.155807365439,763,763,,View 31A on Urbandigs
200 EAST 66 STREET,E1906,2080000,1,04-23-2020,CONDO,Lenox Hill,1,1,955,2178.01047120419,2117,1106,1011,View E1906 on Urbandigs
155 EAST 38 STREET,10K,1150000,23,04-29-2020,CONDO,Murray Hill,2,1,,,1729,795,934,View 10K on Urbandigs
23 WAVERLY PLACE,6S,750000,,06-26-2020,COOP,Greenwich Village,1,1,600,1250,1216,1216,,View 6S on Urbandigs
245 EAST 72 STREET,4C,1495000,117,06-15-2020,COOP,Upper East Side,2,2,,,2263,2263,,View 4C on Urbandigs
117 EAST 57 STREET,39H,1750000,165,06-16-2020,CONDO,Midtown Center,1,1,900,1944.44444444444,2565,1375,1190,View 39H on Urbandigs
445 WEST 19 STREET,4H,795000,1,06-12-2020,CONDO,Chelsea,1,1,557,1427.28904847397,1239,484,755,View 4H on Urbandigs
308 WEST 103 STREET,2G,575000,,06-29-2020,COOP,Upper West Side,1,1,,,1099,1099,,View 2G on Urbandigs
155 WEST 20 STREET,6A,995000,10,04-05-2020,COOP,Chelsea,1,1,850,1170.58823529412,1168,1168,,View 6A on Urbandigs
300 EAST 71 STREET,9L,899000,73,04-23-2020,COOP,Lenox Hill,2,1,800,1123.75,1651,1651,,View 9L on Urbandigs
105 HUDSON STREET,PH11S,5995000,111,06-30-2020,COOP,TriBeCa,4,3.5,3000,1998.33333333333,9163,9163,,View PH11S on Urbandigs
50 CLINTON STREET,6C,2250000,155,06-29-2020,CONDO,Lower East Side,2,2,1142,1970.22767075307,2585,1322,1263,View 6C on Urbandigs
333 EAST 14 STREET,8H,579000,23,06-08-2020,COOP,Gramercy Park,1,1,,,1114,1114,,View 8H on Urbandigs
64 NORTH MOORE STREET,4W,2500000,1,06-19-2020,CONDO,TriBeCa,4,2,1840,1358.69565217391,2219,989,1230,View 4W on Urbandigs
111 EAST 88 STREET,8D,725000,1,06-10-2020,CONDO,Carnegie Hill,1,1,750,966.666666666667,1552,838,714,View 8D on Urbandigs
20 EAST 78 STREET,0,24900000,532,06-12-2020,TOWNHOUSE,Upper East Side,8,8,8760,2842.46575342466,13035,0,13035,View 0 on Urbandigs
60 EAST 9 STREET,218,699000,245,04-01-2020,COOP,Greenwich Village,1,1,,,1666,1666,,View 218 on Urbandigs
145 NASSAU STREET,4E,2250000,49,06-15-2020,COOP,South Street Seaport,3,2,,,2219,2219,,View 4E on Urbandigs
136 EAST 56 STREET,3G,499000,50,04-16-2020,COOP,Midtown Center,1,1,,,1352,1352,,View 3G on Urbandigs
258 SAINT NICHOLAS AVENUE,5A,2000000,28,05-12-2020,CONDO,South Harlem,3,2,1925,1038.96103896104,1815,1793,22,View 5A on Urbandigs
223 WEST 21 STREET,5M,995000,50,06-15-2020,COOP,Chelsea,2,1,,,1335,1335,,View 5M on Urbandigs
230 EAST 79 STREET,10F,540000,161,06-02-2020,COOP,Upper East Side,1,1,,,2468,2468,,View 10F on Urbandigs
1025 FIFTH AVENUE,5GS,1100000,1,06-16-2020,COOP,Upper East Side,1,1.5,1200,916.666666666667,2873,2873,,View 5GS on Urbandigs
444 EAST 86 STREET,11G,1500000,37,06-17-2020,COOP,Yorkville,3,2,1450,1034.48275862069,3654,3654,,View 11G on Urbandigs
15 BROAD STREET,3520,3150000,276,04-28-2020,CONDO,Financial District,2,2.5,1948,1617.0431211499,3880,1857,2023,View 3520 on Urbandigs
25 CENTRAL PARK WEST,26K,4475000,137,06-09-2020,CONDO,Lincoln Square,2,2,,,3847,1598,2249,View 26K on Urbandigs
240 EAST 35 STREET,12F,399000,,05-19-2020,COOP,Murray Hill,0,1,,,1033,1033,,View 12F on Urbandigs
480 PARK AVENUE,2G,2100000,36,05-18-2020,COOP,Midtown Center,2,3,,,2840,2840,,View 2G on Urbandigs
15 UNION SQUARE WEST,2B,1595000,324,06-01-2020,CONDO,Flatiron,2,1,1415,1127.20848056537,4943,3031,1912,View 2B on Urbandigs
225 EAST 4 STREET,12,650000,1,06-22-2020,COOP,East Village,1,1.5,,,480,480,,View 12 on Urbandigs
7 PARK AVENUE,3J,425000,17,04-05-2020,COOP,Murray Hill,0,1,,,925,925,,View 3J on Urbandigs
16 WEST 21 STREET,7A,1998000,,05-03-2020,CONDO,Flatiron,2,2,1368,1460.52631578947,1689,1512,177,View 7A on Urbandigs
217 EAST 7 STREET,LLA,850000,32,06-17-2020,CONDO,East Village,1,1,,,1294,679,615, View LLA on Urbandigs
220 EAST 54 STREET,11J,699000,1,06-19-2020,COOP,Sutton Place,1,1,,,1837,1837,,View 11J on Urbandigs
30 PARK PLACE,51A,6500000,288,06-16-2020,CONDO,TriBeCa,3,3.5,2211,2939.84622342831,6848,1964,4884,View 51A on Urbandigs
340 EAST 83 STREET,G1,425000,190,05-15-2020,COOP,Yorkville,0,1,,,918,918,,View G1 on Urbandigs
72 EAST 3 STREET,5A,1000000,98,06-26-2020,CONDO,East Village,1,1,745,1342.28187919463,1383,527,856,View 5A on Urbandigs
444 CENTRAL PARK WEST,7H,1500000,64,06-09-2020,COOP,Manhattan Valley,2,2.5,1500,1000,2422,2422,,View 7H on Urbandigs
25 TUDOR CITY PLACE,1714,250000,289,06-18-2020,COOP,Murray Hill,0,1,,,850,850,,View 1714 on Urbandigs
305 EAST 51 STREET,6F,2495000,170,04-25-2020,CONDO,Turtle Bay,2,2,1596,1563.28320802005,3696,1634,2062,View 6F on Urbandigs
550 GRAND STREET,H3C,859000,151,05-29-2020,COOP,Lower East Side,2,1,,,1064,1064,,View H3C on Urbandigs
245 EAST 54 STREET,14J,420000,189,04-24-2020,COOP,Sutton Place,0,1,,,800,800,,View 14J on Urbandigs
457 WEST 57 STREET,508,280000,,06-05-2020,COOP,Hells Kitchen,0,1,,,841,841,,View 508 on Urbandigs
67 PERRY STREET,4,2490000,323,04-22-2020,COOP,West Village,2,2,,,1450,1450,,View 4 on Urbandigs
188 EAST 78 STREET,7C,2950000,315,04-14-2020,CONDO,Upper East Side,2,2.5,1681,1754.90779298037,6056,4438,1618,View 7C on Urbandigs
21 EAST 61 STREET,9A,5200000,23,05-28-2020,CONDOP,Lenox Hill,3,3.5,2443,2128.53049529267,9220,9220,,View 9A on Urbandigs
30 PARK PLACE,40E,4395000,171,04-24-2020,CONDO,TriBeCa,3,2.5,1794,2449.83277591973,5441,1550,3891,View 40E on Urbandigs
306 EAST 82 STREET,1A,2500000,355,06-29-2020,CONDO,Yorkville,4,3,2038,1226.69283611384,2697,913,1784,View 1A on Urbandigs
27 WEST 72 STREET,901,1199000,354,06-20-2020,CONDO,Upper West Side,1,1,731,1640.21887824897,1840,880,960,View 901 on Urbandigs
225 EAST 57 STREET,9R,450000,11,04-07-2020,COOP,Sutton Place,0,1,,,1244,1244,,View 9R on Urbandigs
164 EAST 72 STREET,PHC,4950000,158,06-04-2020,COOP,Lenox Hill,3,4.5,,,7788,7788,, View PHC on Urbandigs
175 CLAREMONT AVENUE,56,595000,26,04-22-2020,COOP,Morningside Heights,2,1,,,600,600,,View 56 on Urbandigs
314 EAST 41 STREET,901C,1025000,24,06-01-2020,COOP,Murray Hill,2,2,,,2431,2431,,View 901C on Urbandigs
265 RIVERSIDE DRIVE,2G,700000,10,04-07-2020,COOP,Upper West Side,1,1,,,1042,1042,,View 2G on Urbandigs
245 EAST 54 STREET,8A,650000,1,06-19-2020,COOP,Sutton Place,1,1,,,1080,1080,,View 8A on Urbandigs
118 WEST 79 STREET,2B,3495000,13,04-04-2020,COOP,Upper West Side,4,3,,,3602,3602,,View 2B on Urbandigs
340 HAVEN AVENUE,5A,425000,,04-08-2020,COOP,Washington Heights,1,1,,,858,858,,View 5A on Urbandigs
188 EAST 75 STREET,2A,489000,430,05-18-2020,COOP,Upper East Side,1,1,,,1406,1406,,View 2A on Urbandigs
675 WEST END AVENUE,3A,1895000,37,05-08-2020,COOP,Upper West Side,2,2.5,,,2490,2490,,View 3A on Urbandigs
22 CENTRAL PARK SOUTH,4,4995000,1,05-31-2020,CONDO,Midtown Center,2,2.5,2021,2471.54873824839,9984,6620,3364,View 4 on Urbandigs
160 EAST 26 STREET,5C,499000,227,05-29-2020,COOP,Kips Bay,1,1,,,1409,1409,,View 5C on Urbandigs
96 ARDEN STREET,6A,399000,23,04-06-2020,COOP,Fort George,1,1,,,790,790,,View 6A on Urbandigs
400 CENTRAL PARK WEST,12U,785000,143,06-21-2020,CONDO,Manhattan Valley,0,1,579,1355.78583765112,756,536,220,View 12U on Urbandigs
94 HAMILTON PLACE,4B,550000,66,04-28-2020,COOP,Hamilton Heights,2,1,,,868,868,,View 4B on Urbandigs
300 WEST 138 STREET,2577A,895000,,05-22-2020,CONDO,Central Harlem,2,1.5,1200,745.833333333333,494,257,237,View 2577A on Urbandigs
111 THIRD AVENUE,10A,679000,44,04-08-2020,CONDOP,East Village,1,1,,,1274,1274,,View 10A on Urbandigs
330 HAVEN AVENUE,6HJ,1200000,,04-15-2020,COOP,Washington Heights,3,2,,,1750,1750,,View 6HJ on Urbandigs
420 EAST 72 STREET,1G,749000,1,05-19-2020,COOP,Lenox Hill,1,1,,,1522,1522,,View 1G on Urbandigs
165 WEST 91 STREET,5H,995000,8,04-01-2020,CONDO,Upper West Side,1,1,749,1328.43791722296,1090,725,365,View 5H on Urbandigs
79 BARROW STREET,5B,589000,102,04-25-2020,COOP,West Village,0,1,,,1176,1176,,View 5B on Urbandigs
220 EAST 54 STREET,4G,495000,49,06-24-2020,COOP,Sutton Place,1,1,,,1103,1103,,View 4G on Urbandigs
211 EAST 13 STREET,5G,1475000,72,05-19-2020,CONDO,East Village,1,1,776,1900.77319587629,1587,906,681,View 5G on Urbandigs
180 WEST END AVENUE,9K,525000,179,06-30-2020,COOP,Lincoln Square,0,1,550,954.545454545455,1096,1096,,View 9K on Urbandigs
155 WEST 11 STREET,5K,7250000,,06-16-2020,CONDO,Greenwich Village,3,3.5,2024,3582.01581027668,8035,3581,4454,View 5K on Urbandigs
515 EAST 72 STREET,37C,1695000,324,05-26-2020,CONDO,Upper East Side,2,2,1172,1446.2457337884,3928,1867,2061,View 37C on Urbandigs
875 FIFTH AVENUE,4E,2295000,65,04-29-2020,COOP,Lenox Hill,3,3,,,3088,3088,,View 4E on Urbandigs
317 WEST 89 STREET,6E,4325000,1,06-27-2020,CONDO,Upper West Side,4,3,2660,1625.93984962406,5803,2669,3134,View 6E on Urbandigs
779 RIVERSIDE DRIVE,B64,599000,43,05-26-2020,CONDO,Washington Heights,1,1,801,747.815230961298,1055,821,234,View B64 on Urbandigs
259 BENNETT AVENUE,2F,355000,67,05-15-2020,COOP,Hudson Heights,1,1,600,591.666666666667,578,578,,View 2F on Urbandigs
535 WEST 110 STREET,5F,1995000,522,06-23-2020,COOP,Morningside Heights,4,3,2750,725.454545454545,4900,4900,,View 5F on Urbandigs
319 EAST 50 STREET,8G,575000,364,05-19-2020,COOP,Turtle Bay,1,1,900,638.888888888889,1965,1965,,View 8G on Urbandigs
200 CHAMBERS STREET,19E,1535000,298,06-18-2020,CONDO,TriBeCa,1,1.5,880,1744.31818181818,2204,963,1241,View 19E on Urbandigs
1160 THIRD AVENUE,3C,350000,,04-22-2020,COOP,Lenox Hill,0,1,,,844,844,,View 3C on Urbandigs
50 EAST 83 STREET,5F,469000,,04-30-2020,COOP,Upper East Side,0,1,,,442,442,,View 5F on Urbandigs
125 EAST 12 STREET,5H,1780000,1,05-15-2020,CONDO,East Village,2,2,1257,1416.07000795545,2375,1329,1046,View 5H on Urbandigs
247 WEST 46 STREET,307,950000,51,04-28-2020,CONDO,Midtown Center,1,1,751,1264.98002663116,1828,775,1053,View 307 on Urbandigs
1595 LEXINGTON AVENUE,6B,749000,91,06-15-2020,CONDO,East Harlem,1,1,778,962.724935732648,958,478,480,View 6B on Urbandigs
245 EAST 24 STREET,11B,465000,,05-12-2020,COOP,Kips Bay,0,1,,,1053,1053,,View 11B on Urbandigs
521 EAST 83 STREET,1W,395000,50,05-06-2020,COOP,Yorkville,1,1,,,1311,1311,,View 1W on Urbandigs
470 WEST END AVENUE,11C/D,5995000,1,06-12-2020,COOP,Upper West Side,4,4,,,5032,5032,,View 11C/D on Urbandigs
100 WEST 94 STREET,19F,995000,1,06-17-2020,COOP,Upper West Side,2,1,,,740,740,,View 19F on Urbandigs
34 EAST 38 STREET,5B,529995,1,06-12-2020,COOP,Murray Hill,0,1,,,1070,1070,,View 5B on Urbandigs
210 WEST 78 STREET,6D,735000,225,04-14-2020,COOP,Upper West Side,1,1,,,2155,2155,,View 6D on Urbandigs
315 EAST 69 STREET,7M,399500,46,06-03-2020,COOP,Lenox Hill,0,1,,,940,940,,View 7M on Urbandigs
85 STANTON STREET,3A,845000,66,04-13-2020,COOP,Lower East Side,2,1,,,1345,1345,,View 3A on Urbandigs
150 EAST 27 STREET,2B,400000,,06-06-2020,COOP,Kips Bay,0,1,,,720,720,,View 2B on Urbandigs
45 GREENE STREET,5,4000000,312,05-22-2020,CONDO,SoHo,2,2,2300,1739.13043478261,3147,845,2302,View 5 on Urbandigs
151 EAST 83 STREET,9H,1350000,504,04-02-2020,COOP,Upper East Side,2,2,,,2037,2037,,View 9H on Urbandigs
136 EAST BROADWAY,10A,950000,60,06-05-2020,CONDO,Chinatown,1,1,651,1459.29339477727,1451,484,967,View 10A on Urbandigs
301 EAST 62 STREET,14H,1125000,161,04-02-2020,COOP,Lenox Hill,2,1,,,1460,1460,,View 14H on Urbandigs
111 EAST 85 STREET,7E,795000,41,06-23-2020,COOP,Upper East Side,1,1,,,1118,1118,,View 7E on Urbandigs
200 RIVERSIDE BLVD,7M,1750000,252,05-15-2020,CONDO,Lincoln Square,2,2,1300,1346.15384615385,3122,1493,1629,View 7M on Urbandigs
300 EAST 71 STREET,3F,499000,58,04-30-2020,COOP,Lenox Hill,0,1,,,887,887,,View 3F on Urbandigs
200 EAST 78 STREET,17B,845000,74,06-09-2020,COOP,Upper East Side,1,1,,,1435,1435,,View 17B on Urbandigs
1 EAST END AVENUE,9C,3500000,70,06-08-2020,COOP,Yorkville,3,3,,,7209,7209,,View 9C on Urbandigs
531 EAST 72 STREET,3A,525000,45,06-23-2020,COOP,Upper East Side,1,1,660,795.454545454545,1108,1108,,View 3A on Urbandigs
205 EAST 78 STREET,9R,725000,9,06-19-2020,COOP,Upper East Side,2,1,,,2188,2188,,View 9R on Urbandigs
54 EAST 8 STREET,2J,630000,15,05-30-2020,COOP,Greenwich Village,1,1,805,782.608695652174,2147,2147,,View 2J on Urbandigs
303 WEST 66 STREET,6EW,975000,78,05-22-2020,COOP,Lincoln Square,2,1,,,1796,1796,,View 6EW on Urbandigs
188 EAST 64 STREET,3301,3300000,1012,06-17-2020,CONDO,Lenox Hill,2,2.5,1322,2496.21785173979,3645,1549,2096,View 3301 on Urbandigs
885 WEST END AVENUE,GA,1749500,10,04-10-2020,COOP,Upper West Side,3,2,,,1806,1806,, View GA on Urbandigs
1100 PARK AVENUE,16B,6950000,,05-27-2020,COOP,Carnegie Hill,4,3,,,6840,6840,,View 16B on Urbandigs
303 EAST 33 STREET,8C,1350000,65,06-22-2020,CONDO,Kips Bay,2,1,1048,1288.1679389313,2323,1010,1313,View 8C on Urbandigs
140 WEST 69 STREET,108,1795000,40,04-09-2020,COOP,Lincoln Square,2,2,,,3060,3060,,View 108 on Urbandigs
200 EAST 89 STREET,PH4445S,3690000,77,04-17-2020,CONDO,Yorkville,2,2.5,1600,2306.25,5411,1775,3636,View PH4445S on Urbandigs
150 EAST 49 STREET,2E,599000,64,06-26-2020,COOP,Turtle Bay,1,1,800,748.75,1528,1528,,View 2E on Urbandigs
333 RECTOR PLACE,207,2500000,1,06-19-2020,CONDO,Battery Park City,3,2.5,2041,1224.88975992161,5293,2539,2754,View 207 on Urbandigs
111 THIRD AVENUE,9F,529000,22,05-23-2020,CONDOP,East Village,0,1,,,1024,1024,,View 9F on Urbandigs
14 EAST 4 STREET,803,2495000,129,04-17-2020,CONDO,NoHo,2,2,1438,1735.04867872044,2936,1245,1691,View 803 on Urbandigs
333 EAST 43 STREET,117,535000,5,06-26-2020,COOP,Turtle Bay,1,1,600,891.666666666667,1404,1404,,View 117 on Urbandigs
153 WEST 85 STREET,3,799000,64,06-29-2020,COOP,Upper West Side,2,1,,,1349,1349,,View 3 on Urbandigs
420 EAST 51 STREET,6B,360000,172,06-03-2020,COOP,Turtle Bay,1,1,1000,360,3043,3043,,View 6B on Urbandigs
320 WEST 83 STREET,4F,595000,22,05-18-2020,COOP,Upper West Side,1,1,,,911,911,,View 4F on Urbandigs
69 WEST 9 STREET,3C,549000,258,04-30-2020,COOP,Greenwich Village,0,1,,,1335,1335,,View 3C on Urbandigs
15 UNION SQUARE WEST,3B,6800000,114,05-06-2020,CONDO,Flatiron,3,3.5,2849,2386.80238680239,9725,6133,3592,View 3B on Urbandigs
10 WEST END AVENUE,21B,2195000,16,06-22-2020,CONDO,Lincoln Square,2,2,1329,1651.61775771257,3245,1557,1688,View 21B on Urbandigs
21 LUDLOW STREET,2C,995000,121,04-30-2020,CONDO,Chinatown,1,1,568,1751.76056338028,257,238,19,View 2C on Urbandigs
125 EAST 4 STREET,20,599000,,04-21-2020,COOP,East Village,1,1,,,1019,1019,,View 20 on Urbandigs
275 WEST 96 STREET,23C,850000,23,05-10-2020,CONDO,Upper West Side,1,1,,,1368,697,671,View 23C on Urbandigs
1150 FIFTH AVENUE,7E,2400000,44,04-02-2020,COOP,Carnegie Hill,3,2,,,2682,2682,,View 7E on Urbandigs
63 EAST 9 STREET,11C,799000,1,06-16-2020,CONDOP,Greenwich Village,0,1,,,1112,1112,,View 11C on Urbandigs
641 FIFTH AVENUE,29C,2100000,53,06-10-2020,CONDO,Midtown Center,2,2,1300,1615.38461538462,4397,2047,2350,View 29C on Urbandigs
220 EAST 67 STREET,11H,549000,23,05-22-2020,COOP,Lenox Hill,1,1,770,712.987012987013,1990,1990,,View 11H on Urbandigs
67 EAST 11 STREET,702,1395000,177,04-22-2020,COOP,Greenwich Village,2,1.5,1150,1213.04347826087,2487,2487,,View 702 on Urbandigs
165 CHRISTOPHER STREET,2O,550000,23,06-19-2020,COOP,West Village,0,1,,,742,742,,View 2O on Urbandigs
2 EAST 55 STREET,821,190000,106,04-23-2020,CONDO,Midtown Center,2,2,957,198.537095088819,2337,1963,374,View 821 on Urbandigs
303 EAST 33 STREET,7K,849000,171,06-12-2020,CONDO,Kips Bay,1,1,565,1502.65486725664,1274,550,724,View 7K on Urbandigs
203 EAST 72 STREET,2E,699000,189,05-01-2020,COOP,Upper East Side,1,1,,,1194,1194,,View 2E on Urbandigs
125 CABRINI BLVD,A42,849000,1,06-20-2020,COOP,Hudson Heights,2,1.5,,,1378,1378,,View A42 on Urbandigs
300 WEST 110 STREET,6H,599000,35,06-09-2020,CONDO,Manhattan Valley,1,1,,,1063,384,679,View 6H on Urbandigs
161 WEST 16 STREET,19C,1495000,1,06-11-2020,COOP,Chelsea,1,1,,,1996,1996,,View 19C on Urbandigs
245 EAST 24 STREET,5G,685000,42,04-04-2020,COOP,Kips Bay,1,1,,,1753,1753,,View 5G on Urbandigs
303 EAST 57 STREET,28D,270000,527,04-02-2020,COOP,Sutton Place,1,1.5,1100,245.454545454545,4148,4148,,View 28D on Urbandigs
245 WEST 74 STREET,9C,1725000,16,06-05-2020,COOP,Upper West Side,2,2,,,2038,2038,,View 9C on Urbandigs
175 EAST 93 STREET,1D,275000,166,04-15-2020,COOP,Carnegie Hill,0,1,,,754,754,,View 1D on Urbandigs
524 EAST 72 STREET,27C,1630000,186,04-11-2020,CONDO,Lenox Hill,2,2,1090,1495.4128440367,3174,1642,1532,View 27C on Urbandigs
117 WEST 123 STREET,5D,1195000,170,04-02-2020,CONDO,South Harlem,2,2,1236,966.828478964401,1818,1788,30,View 5D on Urbandigs
635 WEST 42 STREET,6G,1100000,64,05-19-2020,CONDO,Hells Kitchen,1,1,758,1451.18733509235,1628,745,883,View 6G on Urbandigs
300 RIVERSIDE DRIVE,5H,1075000,36,05-08-2020,COOP,Upper West Side,2,1,,,1564,1564,,View 5H on Urbandigs
415 WEST 57 STREET,3A,615000,16,04-20-2020,COOP,Hells Kitchen,1,1,,,1033,1033,,View 3A on Urbandigs
295 BENNETT AVENUE,3E,390000,2,06-23-2020,COOP,Hudson Heights,1,1,,,760,760,,View 3E on Urbandigs
50 EAST 72 STREET,8C,2000000,65,06-29-2020,CONDO,Lenox Hill,2,2,1200,1666.66666666667,2848,1762,1086,View 8C on Urbandigs
245 EAST 24 STREET,11H,450000,,06-19-2020,COOP,Kips Bay,0,1,,,1015,1015,,View 11H on Urbandigs
250 WEST 103 STREET,11D,1125000,28,05-05-2020,COOP,Upper West Side,2,1,,,1545,1545,,View 11D on Urbandigs
1067 FIFTH AVENUE,2,6500000,532,05-11-2020,COOP,Carnegie Hill,4,4.5,,,9428,9428,,View 2 on Urbandigs
173 PERRY STREET,4N,4595000,321,05-19-2020,CONDO,West Village,2,2.5,1817,2528.89378095762,8236,5374,2862,View 4N on Urbandigs
67 EAST 11 STREET,624,499000,157,05-08-2020,COOP,Greenwich Village,0,1,,,1073,1073,,View 624 on Urbandigs
204 WEST 92 STREET,1R,1350000,,04-28-2020,COOP,Upper West Side,3,2,,,1443,1443,,View 1R on Urbandigs
345 EAST 81 STREET,17H,489000,6,05-26-2020,COOP,Yorkville,0,1,,,958,958,,View 17H on Urbandigs
34 NORTH MOORE STREET,3W,2890000,155,06-15-2020,COOP,TriBeCa,2,2,1800,1605.55555555556,2350,2350,,View 3W on Urbandigs
425 EAST 58 STREET,26B,1785000,148,05-29-2020,COOP,Sutton Place,2,2.5,1800,991.666666666667,3645,3645,,View 26B on Urbandigs
225 WEST 83 STREET,15E,1950000,168,04-08-2020,CONDO,Upper West Side,2,2,1150,1695.65217391304,3349,1473,1876,View 15E on Urbandigs
622 WEST 114 STREET,23A,385000,65,04-24-2020,COOP,Morningside Heights,0,1,,,610,610,,View 23A on Urbandigs
320 EAST 42 STREET,302,315000,211,04-02-2020,COOP,Murray Hill,0,1,,,719,719,,View 302 on Urbandigs
203 EAST 72 STREET,5B,2550000,16,04-16-2020,COOP,Upper East Side,3,3,,,3461,3461,,View 5B on Urbandigs
955 LEXINGTON AVENUE,11B,1895000,392,06-26-2020,COOP,Lenox Hill,3,2,,,6317,6317,,View 11B on Urbandigs
39 EAST 29 STREET,PH1B,2495000,10,05-13-2020,CONDO,NoMad,2,2,1264,1973.89240506329,4781,2044,2737,View PH1B on Urbandigs
33 EAST END AVENUE,9C,850000,,05-11-2020,COOP,Yorkville,1,1,,,2666,2666,,View 9C on Urbandigs
161 WEST 133 STREET,5A,649995,56,06-10-2020,CONDO,Central Harlem,2,1,887,732.801578354002,595,496,99,View 5A on Urbandigs
99 JOHN STREET,525,675000,107,05-26-2020,CONDO,Financial District,0,1,625,1080,1267,471,796,View 525 on Urbandigs
353 WEST 53 STREET,1W,799000,47,06-18-2020,COOP,Hells Kitchen,1,1.5,,,1078,1078,,View 1W on Urbandigs
680 RIVERSIDE DRIVE,2D,699000,,05-03-2020,CONDO,Hamilton Heights,2,1,944,740.466101694915,1188,773,415,View 2D on Urbandigs
31 WEST 16 STREET,1,2999000,,06-30-2020,COOP,Flatiron,2,2.5,,,1840,1840,,View 1 on Urbandigs
2628 BROADWAY,5B,1995000,135,04-09-2020,CONDO,Manhattan Valley,3,2,1725,1156.52173913043,3630,1899,1731,View 5B on Urbandigs
142 EAST 49 STREET,8B,499000,113,06-16-2020,COOP,Turtle Bay,1,1,,,1621,1621,,View 8B on Urbandigs
2000 BROADWAY,6H,1090000,57,06-15-2020,CONDO,Lincoln Square,1,1,758,1437.99472295515,2018,1043,975,View 6H on Urbandigs
245 EAST 72 STREET,9F,835000,149,06-17-2020,COOP,Upper East Side,1,1,,,1786,1786,,View 9F on Urbandigs
1 CENTRAL PARK SOUTH,1405,3990000,83,06-05-2020,CONDO,Midtown Center,1,1.5,1189,3355.76114381833,3678,1977,1701,View 1405 on Urbandigs
100 WEST 141 STREET,74,465000,276,04-17-2020,COOP,Central Harlem,3,1,990,469.69696969697,937,937,,View 74 on Urbandigs
245 EAST 54 STREET,4HJ,1075000,212,04-23-2020,COOP,Sutton Place,2,2,,,1803,1803,,View 4HJ on Urbandigs
235 EAST 57 STREET,2C,629000,199,05-08-2020,COOP,Sutton Place,1,1,,,1549,1549,,View 2C on Urbandigs
225 WEST 25 STREET,2A,869000,137,05-14-2020,COOP,Chelsea,1,1,,,1275,1275,,View 2A on Urbandigs
305 EAST 24 STREET,2U,670000,134,06-15-2020,COOP,Kips Bay,1,1,800,837.5,1015,1015,,View 2U on Urbandigs
151 EAST 85 STREET,16G,3200000,,06-05-2020,CONDO,Upper East Side,3,3,1760,1818.18181818182,4356,2113,2243,View 16G on Urbandigs
40 EAST 9 STREET,12H,1250000,149,06-01-2020,COOP,Greenwich Village,1,1,,,1556,1556,,View 12H on Urbandigs
350 WEST 50 STREET,2FF,619000,74,06-25-2020,CONDO,Hells Kitchen,0,1,475,1303.15789473684,1297,657,640,View 2FF on Urbandigs
310 EAST 23 STREET,5J,569000,185,04-08-2020,CONDOP,Gramercy Park,1,1,,,1287,1287,,View 5J on Urbandigs
400 EAST 90 STREET,19E,799000,76,04-02-2020,CONDO,Yorkville,1,1,600,1331.66666666667,1366,697,669,View 19E on Urbandigs
65 CENTRAL PARK WEST,15A,2125000,177,06-09-2020,COOP,Lincoln Square,3,2,,,2792,2792,,View 15A on Urbandigs
55 WALL STREET,835,495000,230,04-02-2020,CONDO,Financial District,0,1,536,923.507462686567,1656,1041,615,View 835 on Urbandigs
75 WALL STREET,30B,1195000,1,06-02-2020,CONDO,Financial District,1,1.5,816,1464.46078431373,1812,950,862,View 30B on Urbandigs
2025 BROADWAY,7H,620000,65,05-11-2020,COOP,Lincoln Square,1,1,,,1490,1490,,View 7H on Urbandigs
328 WEST 86 STREET,1A,1200000,,04-03-2020,COOP,Upper West Side,2,1.5,1000,1200,1207,1207,,View 1A on Urbandigs
233 EAST 69 STREET,9J,865000,19,05-20-2020,COOP,Lenox Hill,2,1,900,961.111111111111,2182,2182,,View 9J on Urbandigs
311 WEST BROADWAY,3B,3250000,,06-15-2020,CONDO,SoHo,3,3,2110,1540.28436018957,6032,3143,2889,View 3B on Urbandigs
325 WEST 21 STREET,14,600000,65,06-12-2020,COOP,Chelsea,1,1,,,880,880,,View 14 on Urbandigs
220 RIVERSIDE BLVD,6L,2100000,146,05-13-2020,CONDO,Lincoln Square,2,2,1454,1444.29160935351,3655,1722,1933,View 6L on Urbandigs
127 WEST 96 STREET,11C,489000,35,04-02-2020,COOP,Manhattan Valley,0,1,,,857,857,,View 11C on Urbandigs
300 EAST 62 STREET,PH1,2950000,73,06-18-2020,CONDO,Lenox Hill,3,3,1830,1612.0218579235,5500,2508,2992,View PH1 on Urbandigs
382 CENTRAL PARK WEST,6F,699000,,06-15-2020,CONDO,Manhattan Valley,0,1,532,1313.90977443609,762,506,256,View 6F on Urbandigs
90 WILLIAM STREET,2C,1095000,1,05-14-2020,CONDO,Financial District,1,2,1082,1012.01478743068,1870,1196,674,View 2C on Urbandigs
30 WEST STREET,30B,1970000,157,04-01-2020,CONDO,Battery Park City,2,2.5,1404,1403.1339031339,3888,1661,2227,View 30B on Urbandigs
457 WEST 57 STREET,615,285000,,04-07-2020,COOP,Hells Kitchen,0,1,,,858,858,,View 615 on Urbandigs
401 EAST 84 STREET,14C,1250000,,06-15-2020,CONDO,Yorkville,1,2,850,1470.58823529412,2537,1354,1183,View 14C on Urbandigs
225 EAST 34 STREET,9H,1069000,163,06-28-2020,CONDO,Murray Hill,1,1,727,1470.42640990371,1680,821,859,View 9H on Urbandigs
22 WEST 26 STREET,2B,2500000,38,06-02-2020,COOP,NoMad,3,2.5,2100,1190.47619047619,3493,3493,,View 2B on Urbandigs
215 EAST 96 STREET,40H,1395000,243,04-30-2020,CONDOP,East Harlem,3,3,1704,818.661971830986,5798,5798,,View 40H on Urbandigs
245 EAST 93 STREET,17B,749000,220,04-30-2020,CONDO,Yorkville,1,1,753,994.68791500664,1425,692,733,View 17B on Urbandigs
99 EAST 4 STREET,5L,725000,191,06-18-2020,COOP,East Village,1,1,,,1484,1484,,View 5L on Urbandigs
151 EAST 20 STREET,5F,579500,1,06-16-2020,CONDO,Gramercy Park,0,1,374,1549.46524064171,857,446,411,View 5F on Urbandigs
148 CHAMBERS STREET,4,2595000,17,04-07-2020,CONDO,TriBeCa,2,2,1582,1640.32869785082,2437,1083,1354,View 4 on Urbandigs
322 WEST 57 STREET,21M1,2300000,59,05-06-2020,CONDO,Hells Kitchen,2,2.5,1355,1697.41697416974,3012,1077,1935,View 21M1 on Urbandigs
165 WEST 66 STREET,6Z,767500,54,04-01-2020,COOP,Lincoln Square,1,1,,,1493,1493,,View 6Z on Urbandigs
415 GREENWICH STREET,PHB,18995000,190,06-05-2020,CONDO,TriBeCa,4,4.5,4500,4221.11111111111,11166,4825,6341, View PHB on Urbandigs
235 WEST 102 STREET,12F,465000,19,06-01-2020,COOP,Upper West Side,0,1,,,1035,1035,,View 12F on Urbandigs
424 EAST 52 STREET,2A,1050000,175,04-04-2020,COOP,Turtle Bay,2,2,1285,817.120622568093,2880,2880,,View 2A on Urbandigs
15 WILLIAM STREET,25A,1500000,1282,06-23-2020,CONDO,Financial District,2,2,1325,1132.07547169811,3998,1566,2432,View 25A on Urbandigs
1438 THIRD AVENUE,28A,1195000,11,04-07-2020,CONDO,Upper East Side,1,1.5,771,1549.93514915694,1779,828,951,View 28A on Urbandigs
515 EAST 72 STREET,29E,1499000,35,04-28-2020,CONDO,Upper East Side,2,2,976,1535.8606557377,2642,1384,1258,View 29E on Urbandigs
1 WALL STREET COURT,605,1190000,,04-22-2020,CONDO,Financial District,3,2,1495,795.986622073579,3889,2316,1573,View 605 on Urbandigs
77 SEVENTH AVENUE,7A,699000,125,04-22-2020,COOP,Chelsea,0,1,,,937,937,,View 7A on Urbandigs
200 EAST 36 STREET,12F,439000,153,06-30-2020,COOP,Murray Hill,0,1,,,1207,1207,,View 12F on Urbandigs
42 KING STREET,2,1595000,1,06-19-2020,COOP,Hudson Square,1,1,,,1725,1725,,View 2 on Urbandigs
645 WEST END AVENUE,7E,1500000,,04-15-2020,COOP,Upper West Side,2,2,1200,1250,2052,2052,,View 7E on Urbandigs
595 WEST END AVENUE,4,9500000,149,04-25-2020,CONDO,Upper West Side,7,7.5,6115,1553.55682747343,13514,9189,4325,View 4 on Urbandigs
301 EAST 48 STREET,10D,1295000,1,06-02-2020,COOP,Turtle Bay,2,2,1500,863.333333333333,2917,2917,,View 10D on Urbandigs
301 EAST 63 STREET,5H,335000,,06-28-2020,COOP,Lenox Hill,0,1,550,609.090909090909,2230,2230,,View 5H on Urbandigs
131 WEST 78 STREET,4,1295000,51,05-13-2020,COOP,Upper West Side,2,2,,,1557,1557,,View 4 on Urbandigs
467 WEST 163 STREET,4,875000,21,05-01-2020,CONDO,Washington Heights,3,2,1270,688.976377952756,847,824,23,View 4 on Urbandigs
121 WEST 19 STREET,3B,2500000,39,04-04-2020,CONDO,Chelsea,2,2,1920,1302.08333333333,3898,1793,2105,View 3B on Urbandigs
80 JOHN STREET,4I,1150000,362,04-22-2020,CONDO,Financial District,2,2,1153,997.398091934085,2486,1093,1393,View 4I on Urbandigs
67 EAST 11 STREET,514,699000,203,05-22-2020,COOP,Greenwich Village,1,1,,,1490,1490,,View 514 on Urbandigs
145 EAST 15 STREET,16A,740000,38,04-01-2020,COOP,Gramercy Park,1,1,,,1273,1273,,View 16A on Urbandigs
310 LEXINGTON AVENUE,6A,698000,3,04-17-2020,COOP,Murray Hill,1,1,,,1496,1496,,View 6A on Urbandigs
251 SEAMAN AVENUE,1A,354000,171,04-28-2020,COOP,Inwood,1,1,,,873,873,,View 1A on Urbandigs
200 EAST 24 STREET,1701,395000,171,04-09-2020,COOP,Kips Bay,0,1,,,1519,1519,,View 1701 on Urbandigs
243 EAST 7 STREET,HOUSE,4995000,58,04-07-2020,TOWNHOUSE,East Village,4,4,3325,1502.25563909774,443,0,443, View HOUSE on Urbandigs
1 FIFTH AVENUE,5B,1750000,302,06-16-2020,COOP,Greenwich Village,2,2,,,2929,2929,,View 5B on Urbandigs
350 WEST 42 STREET,15L,1450000,57,04-08-2020,CONDO,Hells Kitchen,2,2,957,1515.15151515152,2536,1048,1488,View 15L on Urbandigs
301 EAST 69 STREET,11B,715000,190,06-04-2020,COOP,Lenox Hill,1,1,,,1310,1310,,View 11B on Urbandigs
235 EAST 87 STREET,11G,450000,16,04-29-2020,COOP,Yorkville,1,1,,,1376,1376,,View 11G on Urbandigs
125 WEST 22 STREET,3A,1300000,112,06-08-2020,CONDO,Chelsea,1,1,948,1371.30801687764,2303,1294,1009,View 3A on Urbandigs
285 RIVERSIDE DRIVE,7C,2495000,179,04-16-2020,COOP,Upper West Side,3,3,,,2887,2887,,View 7C on Urbandigs
845 UNITED NATIONS PLAZA,15D,2250000,5,06-26-2020,CONDO,Turtle Bay,2,2.5,1612,1395.78163771712,3642,2010,1632,View 15D on Urbandigs
140 EAST 63 STREET,6D,2250000,66,04-17-2020,CONDO,Lenox Hill,2,2,1229,1830.75671277461,3608,2177,1431,View 6D on Urbandigs
321 EAST 45 STREET,3B,330000,64,04-14-2020,COOP,Turtle Bay,0,1,,,747,747,,View 3B on Urbandigs
201 WEST 72 STREET,15N,1295000,1,06-10-2020,CONDO,Upper West Side,1,1.5,862,1502.32018561485,1794,770,1024,View 15N on Urbandigs
66 MADISON AVENUE,1C,399000,64,05-16-2020,COOP,NoMad,0,1,485,822.680412371134,1158,1158,,View 1C on Urbandigs
280 RECTOR PLACE,3G,549000,,04-29-2020,CONDO,Battery Park City,1,1,683,803.806734992679,2000,1100,900,View 3G on Urbandigs
77 BLEECKER STREET,421E,749000,120,06-02-2020,COOP,NoHo,1,1,,,1561,1561,,View 421E on Urbandigs
21 EAST 22 STREET,PH12F,2200000,16,05-05-2020,COOP,Flatiron,2,1,,,1961,1961,,View PH12F on Urbandigs
40 WEST 67 STREET,6B,2450000,52,05-05-2020,COOP,Lincoln Square,2,2,,,3177,3177,,View 6B on Urbandigs
509 WEST 122 STREET,11,719000,1,06-13-2020,COOP,Morningside Heights,2,1,,,1376,1376,,View 11 on Urbandigs
203 EAST 89 STREET,1C,390000,,06-10-2020,COOP,Yorkville,0,1,,,1115,1115,,View 1C on Urbandigs
320 WEST 84 STREET,1E,470000,143,04-17-2020,COOP,Upper West Side,1,1,,,1002,1002,,View 1E on Urbandigs
88 BLEECKER STREET,3J,799000,72,04-07-2020,COOP,NoHo,1,1,,,1217,1217,,View 3J on Urbandigs
104 CHARLTON STREET,3E,2650000,,06-23-2020,CONDO,Hudson Square,3,2.5,2432,1089.63815789474,2825,865,1960,View 3E on Urbandigs
570 PARK AVENUE,6A,2500000,232,06-01-2020,COOP,Lenox Hill,3,3,,,5605,5605,,View 6A on Urbandigs
3 HANOVER SQUARE,19E,595000,136,05-20-2020,COOP,Financial District,0,1,,,1231,1231,,View 19E on Urbandigs
107 WEST 86 STREET,16G,685000,149,05-08-2020,COOP,Upper West Side,1,1,580,1181.03448275862,1251,1251,,View 16G on Urbandigs
215 EAST 24 STREET,405,395000,2,06-23-2020,COOP,Kips Bay,0,1,,,686,686,,View 405 on Urbandigs
310 EAST 23 STREET,12H,698000,53,04-02-2020,CONDOP,Gramercy Park,1,1,,,1991,1991,,View 12H on Urbandigs
205 EAST 78 STREET,16L,1595000,21,04-15-2020,COOP,Upper East Side,2,2,,,4273,4273,,View 16L on Urbandigs
170 WEST END AVENUE,5R,469000,140,04-14-2020,COOP,Lincoln Square,0,1,569,824.253075571178,1042,1042,,View 5R on Urbandigs
457 WEST 57 STREET,912,299000,263,06-19-2020,COOP,Hells Kitchen,0,1,,,907,907,,View 912 on Urbandigs
117 EAST 57 STREET,20A,3100000,56,05-13-2020,CONDO,Midtown Center,3,3.5,2050,1512.19512195122,6408,3454,2954,View 20A on Urbandigs
300 EAST 40 STREET,20CD,1775000,191,06-03-2020,CONDOP,Murray Hill,2,2,,,3342,3342,,View 20CD on Urbandigs
1036 PARK AVENUE,11D,1150000,190,04-04-2020,COOP,Upper East Side,1,1,,,2193,2193,,View 11D on Urbandigs
56 PINE STREET,15D,535000,199,05-07-2020,CONDO,Financial District,1,1,662,808.157099697885,2206,1220,986,View 15D on Urbandigs
12 EAST 97 STREET,7D,645000,,04-01-2020,COOP,Carnegie Hill,2,1,,,1868,1868,,View 7D on Urbandigs
421 EAST 84 STREET,1R,1199000,122,05-27-2020,COOP,Yorkville,2,2,,,1912,1912,,View 1R on Urbandigs
40 SUTTON PLACE,3F,625000,50,05-04-2020,CONDO,Sutton Place,1,1,631,990.491283676704,1999,1076,923,View 3F on Urbandigs
330 EAST 38 STREET,35E,1625000,42,06-26-2020,CONDO,Murray Hill,2,2,1171,1387.70281810418,,,,View 35E on Urbandigs
167 EAST 61 STREET,27A,1850000,61,06-30-2020,COOP,Lenox Hill,2,2,1400,1321.42857142857,3386,3386,,View 27A on Urbandigs
63 EAST 9 STREET,8A,850000,1,05-26-2020,CONDOP,Greenwich Village,1,1,,,1379,1379,,View 8A on Urbandigs
435 EAST 65 STREET,7A,527000,233,06-26-2020,COOP,Lenox Hill,1,1,,,1350,1350,,View 7A on Urbandigs
155 WEST 20 STREET,5D,942000,1,04-28-2020,COOP,Chelsea,1,1,950,991.578947368421,1481,1481,,View 5D on Urbandigs
35 WOOSTER STREET,4R,2500000,172,06-02-2020,CONDO,SoHo,3,2,1515,1650.16501650165,2271,1016,1255,View 4R on Urbandigs
135 EAST 54 STREET,15K,1500000,120,05-13-2020,CONDO,Midtown Center,2,2,1198,1252.08681135225,3612,1465,2147,View 15K on Urbandigs
212 EAST 77 STREET,2A,330000,1,05-30-2020,COOP,Upper East Side,0,1,,,917,917,,View 2A on Urbandigs
329 WEST 108 STREET,5C,1650000,,06-24-2020,COOP,Upper West Side,2,2,,,1890,1890,,View 5C on Urbandigs
25 SUTTON PLACE SOUTH,5L,900000,78,05-26-2020,COOP,Sutton Place,1,1.5,,,1437,1437,,View 5L on Urbandigs
4 SUTTON PLACE,PH,7900000,241,06-13-2020,COOP,Sutton Place,2,2.5,,,8181,8181,, View PH on Urbandigs
166 EAST 35 STREET,7D,449000,9,04-10-2020,COOP,Murray Hill,0,1,,,1130,1130,,View 7D on Urbandigs
325 WEST 21 STREET,15,470000,11,06-03-2020,COOP,Chelsea,0,1,,,879,879,,View 15 on Urbandigs
225 EAST 73 STREET,2D,775000,19,05-08-2020,COOP,Upper East Side,1,1,900,861.111111111111,1833,1833,,View 2D on Urbandigs
163 EAST 81 STREET,4A,2195000,36,04-16-2020,COOP,Upper East Side,2,2.5,,,3682,3682,,View 4A on Urbandigs
244 RIVERSIDE DRIVE,1E,390000,60,06-08-2020,COOP,Upper West Side,0,1,,,900,900,,View 1E on Urbandigs
185 WEST END AVENUE,26L,799000,170,06-10-2020,COOP,Lincoln Square,1,1,,,1954,1954,,View 26L on Urbandigs
300 CENTRAL PARK WEST,PH31D,5750000,17,05-05-2020,COOP,Upper West Side,3,3,,,6412,6412,,View PH31D on Urbandigs
260 WEST BROADWAY,11A,11500000,386,06-04-2020,CONDO,TriBeCa,2,2.5,3777,3044.74450622187,11417,5854,5563,View 11A on Urbandigs
1991 BROADWAY,19C,775000,,06-06-2020,CONDO,Lincoln Square,0,1,513,1510.72124756335,1620,989,631,View 19C on Urbandigs
407 PARK AVENUE SOUTH,4C,449000,15,05-21-2020,COOP,NoMad,0,1,,,951,951,,View 4C on Urbandigs
350 EAST 57 STREET,10A,1695000,,06-23-2020,COOP,Sutton Place,3,3,,,5569,5569,,View 10A on Urbandigs
39 NORTH MOORE STREET,4A,3750000,,06-10-2020,CONDO,TriBeCa,3,2.5,2200,1704.54545454545,2799,900,1899,View 4A on Urbandigs
25 EAST END AVENUE,4CD,6995000,149,06-17-2020,COOP,Yorkville,6,6,5000,1399,11654,11654,,View 4CD on Urbandigs
457 WEST 57 STREET,1708,270000,133,06-04-2020,COOP,Hells Kitchen,0,1,,,987,987,,View 1708 on Urbandigs
304 EAST 65 STREET,6D,849000,108,05-02-2020,CONDO,Lenox Hill,1,1,770,1102.5974025974,2129,1123,1006,View 6D on Urbandigs
100 BANK STREET,5A,950000,14,04-06-2020,COOP,West Village,1,1,,,1327,1327,,View 5A on Urbandigs
92 HORATIO STREET,3I,775000,52,04-17-2020,COOP,West Village,1,1,600,1291.66666666667,1277,1277,,View 3I on Urbandigs
439 EAST 88 STREET,2B,699000,121,06-08-2020,COOP,Yorkville,2,1,,,1537,1537,,View 2B on Urbandigs
2 TUDOR CITY PLACE,15CN,1349000,1,06-19-2020,COOP,Murray Hill,2,2,,,2542,2542,,View 15CN on Urbandigs
31 WEST 70 STREET,10,1968300,21,04-15-2020,COOP,Lincoln Square,2,2.5,1400,1405.92857142857,2664,2664,,View 10 on Urbandigs
25 WEST 54 STREET,10B,595000,256,06-10-2020,COOP,Midtown Center,1,1,,,1950,1950,,View 10B on Urbandigs
521 WEST 47 STREET,4A,1275000,29,06-25-2020,COOP,Hells Kitchen,1,2,,,2537,2537,,View 4A on Urbandigs
351 EAST 51 STREET,15C,2650000,99,06-16-2020,CONDO,Turtle Bay,3,3,1752,1512.55707762557,3824,1897,1927,View 15C on Urbandigs
507 EAST 12 STREET,2A,635000,287,04-17-2020,COOP,East Village,1,1,,,983,983,,View 2A on Urbandigs
330 EAST 83 STREET,LE,395000,45,04-06-2020,COOP,Yorkville,0,1,450,877.777777777778,645,645,, View LE on Urbandigs
425 WEST 24 STREET,1F,1295000,14,05-29-2020,COOP,Chelsea,2,2,,,1672,1672,,View 1F on Urbandigs
2 BEEKMAN PLACE,5E,1195000,45,06-07-2020,COOP,Turtle Bay,2,2,,,2969,2969,,View 5E on Urbandigs
301 EAST 78 STREET,7E,825000,15,05-16-2020,COOP,Upper East Side,1,1,,,1524,1524,,View 7E on Urbandigs